cityName,stateName,countyName,department,division,jobTitle,jobType,level,jobCategoryOne,jobCategoryTwo,jobCategoryThree,jobCategoryFour,jobCategoryFive,positionCount,monthlySal-low,monthlySal-high,hrlyWage-low,hrlyWage-high,dateUpdated,isClosedPromotional
Banning,California,Riverside County,Administrative Services,Division 1,Accountant,Full-Time,Mid,Financial,Customer Service,,,,,,,,,,
Banning,California,Riverside County,Administrative Services,Division 2,Accountant,Full-Time,Mid,Financial,Customer Service,,,,,,,,,,
Banning,California,Riverside County,Administrative Services,Division 2,Accountant,Full-Time,Mid,Customer Service,,,,,,,,,,,
Banning,California,Riverside County,Administrative Services,,Accountant II,Full-Time,Mid,Financial,,,,,,,,,,,
Banning,California,Riverside County,Administrative Services,,Accounting Specialist,Full-Time,Mid,Financial,,,,,,,,,,,
Banning,California,Riverside County,Administrative Services,,Administrative Services Director,Full-Time,Executive,Financial,,,,,,,,,,,
Banning,California,Riverside County,Administrative Services,,Buyer,Full-Time,Mid,Financial,,,,,,,,,,,
Banning,California,Riverside County,Administrative Services,,Customer Service & Billing Manager,Full-Time,Senior,Customer Service,,,,,,,,,,,
Banning,California,Riverside County,Administrative Services,,Deputy Finance Director,Full-Time,Senior,Financial,,,,,,,,,,,
Banning,California,Riverside County,Administrative Services,,Deputy Human Resources Director / Deputy City Manager,Full-Time,Senior,Human Resources,,,,,,,,,,,
Banning,California,Riverside County,Administrative Services,,Financial Services Specialist,Full-Time,Mid,Financial,,,,,,,,,,,
Banning,California,Riverside County,Administrative Services,,Human Resources Technician,Full-Time,Entry,Human Resources,,,,,,,,,,,
Banning,California,Riverside County,Administrative Services,,Human Resources Technician,Part-Time,Entry,Human Resources,,,,,,,,,,,
Banning,California,Riverside County,Administrative Services,,Purchasing Manager,Full-Time,Senior,Human Resources,,,,,,,,,,,
Banning,California,Riverside County,City Clerk,,Deputy City Clerk,Full-Time,Senior,City Clerk,,,,,,,,,,,
Banning,California,Riverside County,Community Development,,Assistant Planner,Full-Time,Mid,Planning,,,,,,,,,,,
Banning,California,Riverside County,Community Development,,Associate Planner,Full-Time,Mid,Planning,,,,,,,,,,,
Banning,California,Riverside County,Community Development,,Building Permit Specialist,Full-Time,Mid,Building,,,,,,,,,,,
Banning,California,Riverside County,Community Development,,Code Compliance Officer,Full-Time,Mid,Code Enforcement,,,,,,,,,,,
Banning,California,Riverside County,Community Development,,Community Development Director,Full-Time,Executive,Community Development,,,,,,,,,,,
Banning,California,Riverside County,Community Development,,Development Project Coordinator,Full-Time,Mid,Community Development,,,,,,,,,,,
Banning,California,Riverside County,Community Development,,Economic Development Manager,Full-Time,Senior,Economic Development,,,,,,,,,,,
Banning,California,Riverside County,Community Development,,Senior Code Compliance Officer,Full-Time,Mid,Code Enforcement,,,,,,,,,,,
Banning,California,Riverside County,Community Development,,Senior Planner,Full-Time,Mid,Planning,,,,,,,,,,,
Banning,California,Riverside County,Community Services,,Assistant Pool Manager,Part-Time,Mid,Recreation,,,,,,,,,,,
Banning,California,Riverside County,Community Services,,Bus Driver,Full-Time,Mid,Transit,,,,,,,,,,,
Banning,California,Riverside County,Community Services,,Cashier,Part-Time,Entry,Community Services,,,,,,,,,,,
Banning,California,Riverside County,Community Services,,Community Center Caretaker,Full-Time,Entry,Community Services,,,,,,,,,,,
Banning,California,Riverside County,Community Services,,Community Services Director,Full-Time,Executive,Community Services,,,,,,,,,,,
Banning,California,Riverside County,Community Services,,Community Services Manager,Full-Time,Senior,Community Services,,,,,,,,,,,
Banning,California,Riverside County,Community Services,,Dial-A-Ride Driver,Part-Time,Entry,Transit,,,,,,,,,,,
Banning,California,Riverside County,Community Services,,Executive Secretary,Full-Time,Mid,Community Services,,,,,,,,,,,
Banning,California,Riverside County,Community Services,,Executive Secretary - Recreation,Full-Time,Mid,Recreation,,,,,,,,,,,
Banning,California,Riverside County,Community Services,,Lead Bus Driver,Full-Time,Mid,Transit,,,,,,,,,,,
Banning,California,Riverside County,Community Services,,Lifeguard,PT-Seasonal,Entry,Recreation,,,,,,,,,,,
Banning,California,Riverside County,Community Services,,Management Analyst,Full-Time,Mid,Community Services,,,,,,,,,,,
Banning,California,Riverside County,Community Services,,Office Specialist,Full-Time,Entry,Community Services,,,,,,,,,,,
Banning,California,Riverside County,Community Services,,Office Specialist - Recreation,Full-Time,Entry,Community Services,,,,,,,,,,,
Banning,California,Riverside County,Community Services,,Pool Manager,PT-Seasonal,Mid,Recreation,,,,,,,,,,,
Banning,California,Riverside County,Community Services,,Program Coordinator,Full-Time,Mid,Community Services,,,,,,,,,,,
Banning,California,Riverside County,Community Services,,Receptionist,Full-Time,Entry,Community Services,,,,,,,,,,,
Banning,California,Riverside County,Community Services,,Receptionist - Recreation,Full-Time,Entry,Community Services,,,,,,,,,,,
Banning,California,Riverside County,Community Services,,Recreation Coordinator,Full-Time,Mid,Recreation,,,,,,,,,,,
Banning,California,Riverside County,Community Services,,Recreation Leader,Part-Time,Mid,Recreation,,,,,,,,,,,
Banning,California,Riverside County,Community Services,,Senior Recreation Leader,Full-Time,Mid,Recreation,,,,,,,,,,,
Banning,California,Riverside County,Community Services,,Sports Specialist,Full-Time,Mid,Recreation,,,,,,,,,,,
Banning,California,Riverside County,Community Services,,Transit Field Supervisor,Full-Time,Mid,Transit,,,,,,,,,,,
Banning,California,Riverside County,Community Services,,Transit Manager,Full-Time,Senior,Transit,,,,,,,,,,,
Banning,California,Riverside County,Community Services,,Transit Specialist,Full-Time,Mid,Transit,,,,,,,,,,,
Banning,California,Riverside County,Electric Utility,,Apprentice Electric Meter Test Technician,Full-Time,Mid,Utilities-Electric,,,,,,,,,,,
Banning,California,Riverside County,Electric Utility,,Assistant Electric Service Planner,Full-Time,Mid,Utilities-Electric,,,,,,,,,,,
Banning,California,Riverside County,Electric Utility,,Associate Electrical Engineer,Full-Time,Mid,Utilities-Electric,,,,,,,,,,,
Banning,California,Riverside County,Electric Utility,,Electric Meter Test Technician,Full-Time,Mid,Utilities-Electric,,,,,,,,,,,
Banning,California,Riverside County,Electric Utility,,Electric Operations & Maintenance Manager,Full-Time,Senior,Utilities-Electric,,,,,,,,,,,
Banning,California,Riverside County,Electric Utility,,Electric Service Planner,Full-Time,Mid,Utilities-Electric,,,,,,,,,,,
Banning,California,Riverside County,Electric Utility,,Electric Services Worker,Full-Time,Mid,Utilities-Electric,,,,,,,,,,,
Banning,California,Riverside County,Electric Utility,,Electric Utility Director,Full-Time,Executive,Utilities-Electric,,,,,,,,,,,
Banning,California,Riverside County,Electric Utility,,Power Resources & Revenue Administrator,Full-Time,Senior,Utilities-Electric,,,,,,,,,,,
Banning,California,Riverside County,Electric Utility,,Powerline Apprentice,Full-Time,Mid,Utilities-Electric,,,,,,,,,,,
Banning,California,Riverside County,Electric Utility,,Powerline Crew Supervisor,Full-Time,Mid,Utilities-Electric,,,,,,,,,,,
Banning,California,Riverside County,Electric Utility,,Powerline Technician,Full-Time,Mid,Utilities-Electric,,,,,,,,,,,
Banning,California,Riverside County,Electric Utility,,Public Benefits Coordinator,Full-Time,Mid,Utilities-Electric,,,,,,,,,,,
Banning,California,Riverside County,Electric Utility,,Senior Electric Service Planner,Full-Time,Mid,Utilities-Electric,,,,,,,,,,,
Banning,California,Riverside County,Electric Utility,,Senior Electrical Engineer,Full-Time,Mid,Utilities-Electric,,,,,,,,,,,
Banning,California,Riverside County,Electric Utility,,Substation Test Technician,Full-Time,Mid,Utilities-Electric,,,,,,,,,,,
Banning,California,Riverside County,Electric Utility,,Utility Financial Analyst,Full-Time,Mid,Utilities-Electric,,,,,,,,,,,
Banning,California,Riverside County,Electric Utility,,Utility Financial Analyst,Full-Time,Mid,Utilities-Electric,,,,,,,,,,,
Banning,California,Riverside County,Electric Utility,,Utility Services Assistant,Full-Time,Mid,Utilities-Electric,,,,,,,,,,,
Banning,California,Riverside County,Office of City Manager,,Cable Services Specialist,Full-Time,Mid,Cable/Telecom Services,,,,,,,,,,,
Banning,California,Riverside County,Office of City Manager,,City Manager,Full-Time,Executive,Administration-City Manager's Office,,,,,,,,,,,
Banning,California,Riverside County,Office of City Manager,,Information Technology Analyst,Full-Time,Mid,Information Technology,,,,,,,,,,,
Banning,California,Riverside County,Office of City Manager,,Information Technology Analyst II,Full-Time,Mid,Information Technology,,,,,,,,,,,
Banning,California,Riverside County,Office of City Manager,,Multimedia Specialist,Full-Time,Mid,Public Information/Media,,,,,,,,,,,
Banning,California,Riverside County,Office of City Manager,,Public Information Officer,Full-Time,Mid,Public Information/Media,,,,,,,,,,,
Banning,California,Riverside County,Police,,Community Services Officer,Full-Time,Mid,Police,,,,,,,,,,,
Banning,California,Riverside County,Police,,Lead Public Safety Dispatcher,Full-Time,Mid,Police,,,,,,,,,,,
Banning,California,Riverside County,Police,,Police Assistant I,Full-Time,Entry,Police,,,,,,,,,,,
Banning,California,Riverside County,Police,,Police Assistant II,Full-Time,Mid,Police,,,,,,,,,,,
Banning,California,Riverside County,Police,,Police Captain,Full-Time,Senior,Police,,,,,,,,,,,
Banning,California,Riverside County,Police,,Police Chief,Full-Time,Executive,Police,,,,,,,,,,,
Banning,California,Riverside County,Police,,Police Corporal,Full-Time,Mid,Police,,,,,,,,,,,
Banning,California,Riverside County,Police,,Police Lieutenant,Full-Time,Mid,Police,,,,,,,,,,,
Banning,California,Riverside County,Police,,Police Master Sergeant,Full-Time,Mid,Police,,,,,,,,,,,
Banning,California,Riverside County,Police,,Police Officer,Full-Time,Mid,Police,,,,,,,,,,,
Banning,California,Riverside County,Police,,Police Recruit / Trainee,Full-Time,Entry,Police,,,,,,,,,,,
Banning,California,Riverside County,Police,,Police Staff / Master Sergeant,Full-Time,Mid,Police,,,,,,,,,,,
Banning,California,Riverside County,Police,,Public Safety Dispatcher,Full-Time,Mid,Police,,,,,,,,,,,
Banning,California,Riverside County,Airport,,Airport Attendant,Part-Time,Entry,Airport,,,,,,,,,,,
Banning,California,Riverside County,Public Works,,Associate Civil Engineer,Full-Time,Mid,Public Works,,,,,,,,,,,
Banning,California,Riverside County,Public Works,,Building Maintenance Specialist,Full-Time,Entry,Public Works,,,,,,,,,,,
Banning,California,Riverside County,Public Works,,City Engineer,Full-Time,Senior,Public Works,,,,,,,,,,,
Banning,California,Riverside County,Public Works,,City Maintenance Worker,Full-Time,Mid,Public Works,,,,,,,,,,,
Banning,California,Riverside County,Public Works,,Engineering Services Assistant,Full-Time,Entry,Public Works,,,,,,,,,,,
Banning,California,Riverside County,public Works,,Executive Secretary,Full-Time,Mid,Public Works,,,,,,,,,,,
Banning,California,Riverside County,Public Works,,Maintenance Worker,Full-Time,Mid,Public Works,,,,,,,,,,,
Banning,California,Riverside County,Public Works,,Management Analyst,Full-Time,Mid,Public Works,,,,,,,,,,,
Banning,California,Riverside County,Public Works,,Motor Sweeper Operator,Full-Time,Mid,Public Works,,,,,,,,,,,
Banning,California,Riverside County,Public Works,,Public Works Analyst,Full-Time,Mid,Public Works,,,,,,,,,,,
Banning,California,Riverside County,Public Works,,Public Works Director / City Engineer,Full-Time,Executive,Public Works,,,,,,,,,,,
Banning,California,Riverside County,Public Works,,Public Works Inspector,Full-Time,Mid,Public Works,,,,,,,,,,,
Banning,California,Riverside County,Public Works,,Public Works Superintendent,Full-Time,Mid,Public Works,,,,,,,,,,,
Banning,California,Riverside County,Public Works,,Senior Civil Engineer,Full-Time,Mid,Public Works,,,,,,,,,,,
Banning,California,Riverside County,Public Works,,Senior Maintenance Worker,Full-Time,Mid,Public Works,,,,,,,,,,,
Banning,California,Riverside County,Public Works,,Warehouse Services Specialist,Full-Time,Mid,Public Works,,,,,,,,,,,
Banning,California,Riverside County,Public Works,,Wastewater Collection System Supervisor,Full-Time,Mid,Wastewater,,,,,,,,,,,
Banning,California,Riverside County,Public Works,,Wastewater Collection System Technician,Full-Time,Mid,Wastewater,,,,,,,,,,,
Banning,California,Riverside County,Public Works,,Water / Wastewater Superintendent,Full-Time,Senior,Wastewater,,,,,,,,,,,
Banning,California,Riverside County,Public Works,,Water Construction Crew Lead,Full-Time,Mid,Utilities-Water,,,,,,,,,,,
Banning,California,Riverside County,Public Works,,Water Crew Supervisor (Distribution Specialist),Full-Time,Mid,Utilities-Water,,,,,,,,,,,
Banning,California,Riverside County,Public Works,,Water Crew Supervisor (Production Specialist),Full-Time,Mid,Utilities-Water,,,,,,,,,,,
Banning,California,Riverside County,Public Works,,Water Meter Crew Lead,Full-Time,Mid,Utilities-Water,,,,,,,,,,,
Banning,California,Riverside County,Public Works,,Water Production Operator I,Full-Time,Mid,Utilities-Water,,,,,,,,,,,
Banning,California,Riverside County,Public Works,,Water Production Operator II,Full-Time,Mid,Utilities-Water,,,,,,,,,,,
Banning,California,Riverside County,Public Works,,Water Services Worker,Full-Time,Mid,Utilities-Water,,,,,,,,,,,
Banning,California,Riverside County,Public Works,,Water Valve Flushing Crew Lead,Full-Time,Mid,Utilities-Water,,,,,,,,,,,
Banning,California,Riverside County,Public Works,,Work Release Crew Leader,Full-Time,Mid,Utilities-Water,,,,,,,,,,,
Beaumont,California,Riverside County,Administration,,Administrative Services Director,Full-Time,Executive,Administration-City Manager's Office,,,,,1,,,,,,
Beaumont,California,Riverside County,Administration,,Assistant City Manager,Full-Time,Senior,Administration-City Manager's Office,,,,,1,,,,,,
Beaumont,California,Riverside County,Administration,,Information Technology Manager,Full-Time,Senior,Information Technology,,,,,1,,,,,,
Beaumont,California,Riverside County,Administration,,City Manager,Full-Time,Executive,Administration-City Manager's Office,,,,,1,,,,,,
Beaumont,California,Riverside County,Administration,,Customer Service Coordinator I,Full-Time,Entry,Customer Service,,,,,4,,,,,,
Beaumont,California,Riverside County,Administration,,Deputy City Clerk,Full-Time,Senior,City Clerk,,,,,1,,,,,,
Beaumont,California,Riverside County,Administration,,Economic  Development Manager,Full-Time,Senior,Economic Development,,,,,1,,,,,,
Beaumont,California,Riverside County,Administration,,Executive Assistant,Full-Time,Mid,Administration-City Manager's Office,,,,,1,,,,,,
Beaumont,California,Riverside County,Administration,,Human Resources Payroll Technician,Full-Time,Entry,Financial,,,,,1,,,,,,
Beaumont,California,Riverside County,Administration,,Special Projects - Public Information Officer,Full-Time,Mid,Public Information/Media,,,,,1,,,,,,
Beaumont,California,Riverside County,Animal Care,,Quality of Life Officer II,Full-Time,Mid,Animal Control,,,,,3,,,,,,
Beaumont,California,Riverside County,Community Development,,Building Inspector,Full-Time,Mid,Building,,,,,2,,,,,,
Beaumont,California,Riverside County,Community Development,,Building Official,Full-Time,Mid,Building,,,,,1,,,,,,
Beaumont,California,Riverside County,Community Development,,Building Permit Technician ,Full-Time,Entry,Building,,,,,1,,,,,,
Beaumont,California,Riverside County,Community Development,,Senior Planner,Full-Time,Mid,Planning,,,,,1,,,,,,
Beaumont,California,Riverside County,Community Development,,Community Development Director,Full-Time,Executive,Community Development,,,,,1,,,,,,
Beaumont,California,Riverside County,Community Services,,Building Grounds Maintenance Supervisor,Full-Time,Mid,Facilities Maintenance,,,,,1,,,,,,
Beaumont,California,Riverside County,Community Services,,Building Grounds Maintenance Worker,Full-Time,Mid,Facilities Maintenance,,,,,18,,,,,,
Beaumont,California,Riverside County,Community Services,,Community Services Director,Full-Time,Executive,Community Services,,,,,1,,,,,,
Beaumont,California,Riverside County,Community Services,,Customer Service Coordinator III,Full-Time,Mid,Community Services,,,,,2,,,,,,
Beaumont,California,Riverside County,Community Services,,Lead Recreation Specialist,Full-Time,Mid,Recreation,,,,,1,,,,,,
Beaumont,California,Riverside County,Community Services,,Recreation Specialist,Full-Time,Mid,Recreation,,,,,1,,,,,,
Beaumont,California,Riverside County,Community Services,,Recreation Specialist,Part-Time,Mid,Recreation,,,,,4.5,,,,,,
Beaumont,California,Riverside County,Finance,,Accounting Technician,Full-Time,Mid,Financial,,,,,2,,,,,,
Beaumont,California,Riverside County,Finance,,Finance Director,Full-Time,Executive,Financial,,,,,1,,,,,,
Beaumont,California,Riverside County,Finance,,Senior Accountant,Full-Time,Mid,Financial,,,,,1,,,,,,
Beaumont,California,Riverside County,Fire,,Fire Explorer,Part-Time,Entry,Fire,,,,,,,,,,,
Beaumont,California,Riverside County,Police ,,Chief of Police,Full-Time,Executive,Police,,,,,1,,,,,,
Beaumont,California,Riverside County,Police ,,Deputy Chief of Police,Full-Time,Senior,Police,,,,,1,,,,,,
Beaumont,California,Riverside County,Police ,,Police Cadet,Full-Time,Entry,Police,,,,,2.5,,,,,,
Beaumont,California,Riverside County,Police ,,Police Commander,Full-Time,Mid,Police,,,,,1,,,,,,
Beaumont,California,Riverside County,Police ,,Police Corporal,Full-Time,Mid,Police,,,,,3,,,,,,
Beaumont,California,Riverside County,Police ,,Police Lieutenant I,Full-Time,Mid,Police,,,,,2,,,,,,
Beaumont,California,Riverside County,Police ,,Police Officer,Full-Time,Mid,Police,,,,,26,,,,,,
Beaumont,California,Riverside County,Police ,,Police Sergeant,Full-Time,Mid,Police,,,,,8,,,,,,
Beaumont,California,Riverside County,Police ,,Police Services Analyst,Full-Time,Mid,Police,,,,,1,,,,,,
Beaumont,California,Riverside County,Police ,,Public Safety Dispatcher on Call,Part-Time,Mid,Police,,,,,0.5,,,,,,
Beaumont,California,Riverside County,Police ,,Public Safety Dispatcher II,Full-Time,Mid,Police,,,,,8,,,,,,
Beaumont,California,Riverside County,Code Enforcement,,Quality of Life Officer II,Full-Time,Mid,Code Enforcement,,,,,2,,,,,,
Beaumont,California,Riverside County,Police ,,Support Services Specialist,Full-Time,Mid,Police,,,,,3,,,,,,
Beaumont,California,Riverside County,Police ,,Support Services Supervisor,Full-Time,Mid,Police,,,,,1,,,,,,
Beaumont,California,Riverside County,Public Works,,Assistant Engineer,Full-Time,Mid,Public Works,,,,,2,,,,,,
Beaumont,California,Riverside County,Public Works,,Engineering Develop Technician I,Full-Time,Entry,Public Works,,,,,1,,,,,,
Beaumont,California,Riverside County,Public Works,,Management Analyst,Full-Time,Mid,Public Works,,,,,1,,,,,,
Beaumont,California,Riverside County,Public Works,,Public Works Director,Full-Time,Executive,Public Works,,,,,1,,,,,,
Beaumont,California,Riverside County,Public Works,,Public Works Inspector,Full-Time,Mid,Public Works,,,,,1,,,,,,
Beaumont,California,Riverside County,Public Works,,Public Works Utility Manager,Full-Time,Senior,Public Works,,,,,1,,,,,,
Beaumont,California,Riverside County,Public Works,,Street Maintenance Supervisor,Full-Time,Mid,Public Works,,,,,1,,,,,,
Beaumont,California,Riverside County,Public Works,,Street Maintenance Worker,Full-Time,Mid,Public Works,,,,,4,,,,,,
Beaumont,California,Riverside County,Transit,,Bus Driver,Full-Time,Mid,Transit,,,,,7,,,,,,
Beaumont,California,Riverside County,Transit,,Bus Driver - On Call,Part-Time,Mid,Transit,,,,,4,,,,,,
Beaumont,California,Riverside County,Transit,,Bus Driver I,Full-Time,Entry,Transit,,,,,6,,,,,,
Beaumont,California,Riverside County,Transit,,Bus Driver II,Full-Time,Mid,Transit,,,,,2,,,,,,
Beaumont,California,Riverside County,Transit,,Customer Service Coordinator I,Full-Time,Entry,Transit,,,,,1,,,,,,
Beaumont,California,Riverside County,Transit,,Equipment Mechanic,Full-Time,Mid,Fleet Maintenance,,,,,5,,,,,,
Beaumont,California,Riverside County,Transit,,Management Analyst,Full-Time,Mid,Transit,,,,,1,,,,,,
Beaumont,California,Riverside County,Transit,,Transit Director,Full-Time,Senior,Transit,,,,,1,,,,,,
Beaumont,California,Riverside County,Transit,,Transit Operations Supervisor,Full-Time,Mid,Transit,,,,,1,,,,,,
Beaumont,California,Riverside County,Transit,,Vehicle Maintenance Supervisor,Full-Time,Mid,Fleet Maintenance,,,,,1,,,,,,
Blythe,California,Riverside County,Administration,,City Manager,Full-Time,Executive,Administration-City Manager's Office,,,,,1,,,,,,
Blythe,California,Riverside County,Administration,,Department Assistant I / Receptionist,Full-Time,Entry,Administration-City Manager's Office,,,,,1,,,,,,
Blythe,California,Riverside County,Administration,,Deputy Administrative Services Director,Full-Time,Senior,Administration-City Manager's Office,,,,,1,,,,,,
Blythe,California,Riverside County,Administration,,Director of Finance,Full-Time,Executive,Financial,,,,,1,,,,,,
Blythe,California,Riverside County,Development Services,,Building Inspector I,Full-Time,Entry,Building,,,,,1,,,,,,
Blythe,California,Riverside County,Development Services,,Building Inspector III,Full-Time,Mid,Building,,,,,2,,,,,,
Blythe,California,Riverside County,Development Services,,Chief Building Inspector,Full-Time,Senior,Building,,,,,,,,,,,
Blythe,California,Riverside County,Development Services,,Permit Technician,Full-Time,Mid,Building,,,,,1,,,,,,
Blythe,California,Riverside County,Development Services,,Planner,Full-Time,Mid,Planning,,,,,1,,,,,,
Blythe,California,Riverside County,Finance,,Department Assistant II (Accounts Payable),Full-Time,Mid,Financial,,,,,1,,,,,,
Blythe,California,Riverside County,Fire,,Assistant Fire Chief,Part-Time,Senior,Fire,,,,,1,,,,,,
Blythe,California,Riverside County,Fire,,Deputy Chief / Fire Training Officer,Part-Time,Senior,Fire,,,,,1,,,,,,
Blythe,California,Riverside County,Fire,,Fire Captain,Part-Time,Senior,Fire,,,,,5,,,,,,
Blythe,California,Riverside County,Fire,,Fire Chief,Part-Time,Executive,Fire,,,,,1,,,,,,
Blythe,California,Riverside County,Fire,,Fire Engineer,Part-Time,Mid,Fire,,,,,7,,,,,,
Blythe,California,Riverside County,Fire,,Fireman,Part-Time,Mid,Fire,,,,,19,,,,,,
Blythe,California,Riverside County,Police,,Animal Control Officer,Full-Time,Mid,Animal Control,,,,,1,,,,,,
Blythe,California,Riverside County,Police,,Community Service Officer,Full-Time,Mid,Police,,,,,2,,,,,,
Blythe,California,Riverside County,Police,,Forensic Technician,Full-Time,Mid,Police,,,,,1,,,,,,
Blythe,California,Riverside County,Police,,Police Chief,Full-Time,Executive,Police,,,,,1,,,,,,
Blythe,California,Riverside County,Police,,Police Corporal,Full-Time,Mid,Police,,,,,4,,,,,,
Blythe,California,Riverside County,Police,,Police Lieutenant,Full-Time,Mid,Police,,,,,1,,,,,,
Blythe,California,Riverside County,Police,,Police Officer,Full-Time,Mid,Police,,,,,10,,,,,,
Blythe,California,Riverside County,Police,,Police Officer,Part-Time,Mid,Police,,,,,1,,,,,,
Blythe,California,Riverside County,Police,,Police Sergeant,Full-Time,Mid,Police,,,,,4,,,,,,
Blythe,California,Riverside County,Police,,Public Safety Dispatcher / Records Clerk,Full-Time,Mid,Police,,,,,6,,,,,,
Blythe,California,Riverside County,Police,,Public Safety Supervisor,Full-Time,Mid,Police,,,,,1,,,,,,
Blythe,California,Riverside County,Police,,Reserve Police Officer,PT-Temporary,Mid,Police,,,,,2,,,,,,
Blythe,California,Riverside County,Public Works,,Chief Waterworks Treatment Plant Operator ,Full-Time,Mid,Utilities-Water,,,,,1,,,,,,
Blythe,California,Riverside County,Public Works,,Department Assistant II (Utility Clerk),Full-Time,Mid,Utilities-Customer Services,,,,,1,,,,,,
Blythe,California,Riverside County,Public Works,,Department Assistant III (Utility Billing),Full-Time,Mid,Utilities-Customer Services,,,,,1,,,,,,
Blythe,California,Riverside County,Public Works,,Equipment Mechanic,Full-Time,Mid,Fleet Maintenance,,,,,1,,,,,,
Blythe,California,Riverside County,Public Works,,Equipment Operator,Full-Time,Mid,Public Works,,,,,1,,,,,,
Blythe,California,Riverside County,Public Works,,Equipment Shop Manager,Full-Time,Senior,Public Works,,,,,1,,,,,,
Blythe,California,Riverside County,Public Works,,Gardner,Full-Time,Entry,Parks,,,,,1,,,,,,
Blythe,California,Riverside County,Public Works,,Lead Maintenance Equipment Operator,Full-Time,Mid,Public Works,,,,,1,,,,,,
Blythe,California,Riverside County,Public Works,,Lead Water / Sewer Worker,Full-Time,Mid,Utilities-Water,,,,,1,,,,,,
Blythe,California,Riverside County,Public Works,,Public Works Director,Full-Time,Executive,Public Works,,,,,1,,,,,,
Blythe,California,Riverside County,Public Works,,Street Maintenance Worker,Full-Time,Mid,Public Works,,,,,2,,,,,,
Blythe,California,Riverside County,Public Works,,Vector Control Technician,Full-Time,Mid,Vector Control,,,,,1,,,,,,
Blythe,California,Riverside County,Public Works,,Water Service Worker I,Full-Time,Entry,Utilities-Water,,,,,2,,,,,,
Blythe,California,Riverside County,Public Works,,Water Service Worker II,Full-Time,Mid,Utilities-Water,,,,,1,,,,,,
Blythe,California,Riverside County,Public Works,,Water Treatment Operator Grade II/III,Full-Time,Mid,Utilities-Water,,,,,1,,,,,,
Blythe,California,Riverside County,Public Works,,Wastewater Treatment Plant Operator Grade I,Full-Time,Entry,Utilities-Water,,,,,1,,,,,,
Blythe,California,Riverside County,Public Works,,Wastewater Treatment Plant Operator Grade II,Full-Time,Mid,Utilities-Water,,,,,1,,,,,,
Blythe,California,Riverside County,Public Works,,Wastewater Treatment Plant Operator In Training,Full-Time,Entry,Utilities-Water,,,,,1,,,,,,
Blythe,California,Riverside County,Recreation,,Recreation Aide,PT-Temporary,Entry,Recreation,,,,,1,,,,,,
Blythe,California,Riverside County,Recreation,,Recreation Aide,Part-Time,Entry,Recreation,,,,,2,,,,,,
Blythe,California,Riverside County,Recreation,,Recreation Center Aid,Part-Time,Entry,Recreation,,,,,1,,,,,,
Blythe,California,Riverside County,Recreation,,Recreation Center Leader I,Full-Time,Entry,Recreation,,,,,1,,,,,,
Blythe,California,Riverside County,Recreation,,Recreation Supervisor / Sports Coordinator,Full-Time,Mid,Recreation,,,,,1,,,,,,
Calimesa,California,Riverside County,City Manager,,City Manager,Full-Time,Executive,Administration-City Manager's Office,,,,,1,,,,,,
Calimesa,California,Riverside County,City Manager,,General Services Director,Full-Time,Executive,Administration-City Manager's Office,,,,,1,,,,,,
Calimesa,California,Riverside County,City Clerk / Human Resources,,Deputy City Manager/City Clerk,Full-Time,Senior,City Clerk,,,,,1,,,,,,
Calimesa,California,Riverside County,City Clerk / Human Resources,,Senior Administrative Assistant,Full-Time,Mid,City Clerk,,,,,1,,,,,,
Calimesa,California,Riverside County,City Clerk / Human Resources,,Administrative Assistant,Full-Time,Mid,City Clerk,,,,,1,,,,,,
Calimesa,California,Riverside County,Finance,,Accountant,Full-Time,Mid,Financial,,,,,1,,,,,,
Calimesa,California,Riverside County,Finance,,Accounting Technician,Full-Time,Mid,Financial,,,,,1,,,,,,
Calimesa,California,Riverside County,Public Works,,Lead Maintenance Worker,Full-Time,Mid,Facilities Maintenance,,,,,1,,,,,,
Calimesa,California,Riverside County,Public Works,,Maintenance Supervisor,Full-Time,Mid,Facilities Maintenance,,,,,1,,,,,,
Calimesa,California,Riverside County,Public Works,,Maintenance Worker l,Full-Time,Entry,Facilities Maintenance,,,,,1,,,,,,
Calimesa,California,Riverside County,Public Works,,Maintenance Worker ll,Full-Time,Mid,Facilities Maintenance,,,,,1,,,,,,
Calimesa,California,Riverside County,Public Works,,Public Works Director,Full-Time,Executive,Public Works,,,,,1,,,,,,
Calimesa,California,Riverside County,Fire,,Deputy Fire Chief,Full-Time,Senior,Fire,,,,,1,,,,,,
Calimesa,California,Riverside County,Fire,,Fire Captain,Full-Time,Senior,Fire,,,,,3,,,,,,
Calimesa,California,Riverside County,Fire,,Fire Chief,Full-Time,Executive,Fire,,,,,1,,,,,,
Calimesa,California,Riverside County,Fire,,Firefighter,Full-Time,Mid,Fire,,,,,6,,,,,,
Calimesa,California,Riverside County,Fire,,Intern/Reserve Firefighter,Part-Time,Entry,Fire,,,,,2,,,,,,
Calimesa,California,Riverside County,Community Development,,Community Development Director,Contract,Executive,Community Development,,,,,1,,,,,,
Calimesa,California,Riverside County,Community Development,,City Engineer,Contract,Senior,Community Development,,,,,1,,,,,,
Calimesa,California,Riverside County,Community Development,,Assistant Planner,Contract,Mid,Planning,,,,,1,,,,,,
Calimesa,California,Riverside County,Community Development,,Building Official/Fire Marshall,Contract,Senior,Building,,,,,1,,,,,,
Calimesa,California,Riverside County,Community Development,,Building Counter Technician,Contract,Mid,Building,,,,,1,,,,,,
Calimesa,California,Riverside County,Community Development,,Code Enforcement Officer,Contract,Mid,Code Enforcement,,,,,1,,,,,,
Calimesa,California,Riverside County,Senior Services,,Senior Services Manager,Contract,Senior,Senior Services,,,,,1,,,,,,
Calimesa,California,Riverside County,Senior Services,,Senior Services Office Specialist,Contract,Mid,Senior Services,,,,,1,,,,,,