"id","city_id","name","slug"
"1","28096","Administrative Services","administrative-services"
"2","28096","City Clerk","city-clerk"
"3","28096","Community Development","community-development"
"4","28096","Community Services","community-services"
"5","28096","Electric Utility","electric-utility"
"6","28096","Office of City Manager","office-of-city-manager"
"7","28096","Police","police"
"8","28096","Airport","airport"
"9","28096","Public Works","public-works"
"10","28098","Administration","administration"
"11","28098","Animal Care","animal-care"
"12","28098","Community Development","community-development-1"
"13","28098","Community Services","community-services-1"
"14","28098","Finance","finance"
"15","28098","Fire","fire"
"16","28098","Police ","police-1"
"17","28098","Code Enforcement","code-enforcement"
"18","28098","Public Works","public-works-1"
"19","28098","Transit","transit"
"20","28099","Administration","administration-1"
"21","28099","Development Services","development-services"
"22","28099","Finance","finance-1"
"23","28099","Fire","fire-1"
"24","28099","Police","police-2"
"25","28099","Public Works","public-works-2"
"26","28099","Recreation","recreation"
"27","28149","City Manager","city-manager"
"28","28149","City Clerk / Human Resources","city-clerk-human-resources"
"29","28149","Finance","finance-2"
"30","28149","Public Works","public-works-3"
"31","28149","Fire","fire-2"
"32","28149","Community Development","community-development-2"
"33","28149","Senior Services","senior-services"
"34","28064","City Attorney","city-attorney"
"35","28064","City Manager / City Communications","city-manager-city-communications"
"36","28064","City Manager / Policy and Leadership ","city-manager-policy-and-leadership"
"37","28064","Community Services","community-services-2"
"38","28064","Finance","finance-3"
"39","28064","Fire","fire-3"
"40","28064","Housing and Neighborhood Services","housing-and-neighborhood-services"
"41","28064","Human Resources","human-resources"
"42","28064","Information Technology","information-technology"
"43","28064","Library and Cultural Arts","library-and-cultural-arts"
"44","28064","Parks and Recreation","parks-and-recreation"
"45","28064","Police","police-3"
"46","28064","Public Works","public-works-4"
"47","28045","Administration","administration-2"
"48","28045","Animal Care Facility","animal-care-facility"
"49","28045","City Attorney","city-attorney-1"
"50","28045","City Clerk","city-clerk-1"
"51","28045","Development Services ","development-services-1"
"52","28045","Economic Development","economic-development"
"53","28045","Environmental Services","environmental-services"
"54","28045","Finance","finance-4"
"55","28045","Fire","fire-4"
"56","28045","Housing","housing"
"57","28045","Human Resources","human-resources-1"
"58","28045","Information Technology Services","information-technology-services"
"59","28045","Library","library"
"60","28045","Planning and Building Services","planning-and-building-services"
"61","28045","Police","police-4"
"62","28045","Public Works","public-works-5"
"63","28045","Recreation","recreation-1"
"64","28230","City Clerk","city-clerk-2"
"65","28230","City Manager","city-manager-1"
"66","28230","Community Services","community-services-3"
"67","28230","Finance","finance-5"
"68","28230","Information Technology","information-technology-1"
"69","28230","Planning","planning"
"70","28230","Public Works","public-works-6"
"71","28228","Community Development","community-development-3"
"72","28228","Community Services","community-services-4"
"73","28228","General Government","general-government"
"74","28228","Information Technology","information-technology-2"
"75","28228","Public Services","public-services"
"76","28217","Administration","administration-3"
"77","28217","City Clerk","city-clerk-3"
"78","28217","Community Development","community-development-4"
"79","28217","Finance","finance-6"
"80","28217","Parks & Recreation","parks-recreation"
"81","28217","Public Safety","public-safety"
"82","28217","Public Works","public-works-7"
"83","28225","Administrative Services","administrative-services-1"
"84","28225","City Clerk","city-clerk-4"
"85","28225","City Manager","city-manager-2"
"86","28225","Engineering & Infrastructure Services","engineering-infrastructure-services"
"87","28225","Planning & Environmental Services","planning-environmental-services"
"111","28216","City Attorney","city-attorney-3"
"112","28216","City Clerk","city-clerk-6"
"113","28216","City Council","city-council-1"
"114","28216","City Manager","city-manager-5"
"115","28216","City Treasurer","city-treasurer-1"
"116","28216","Community Development","community-development-6"
"117","28216","Community Services","community-services-7"
"118","28216","Finance","finance-9"
"119","28216","Fire","fire-7"
"120","28216","Human Resources","human-resources-4"
"121","28216","Information Systems","information-systems-1"
"122","28216","Library Services","library-services-1"
"123","28216","Police","police-7"
"124","28216","Public Works","public-works-10"
"138","29891","City Attorney","city-attorney-5"
"139","29891","City Clerk","city-clerk-8"
"140","29891","City Manager","city-manager-7"
"141","29891","City Treasurer","city-treasurer-3"
"142","29891","Community Development","community-development-7"
"143","29891","Community Services","community-services-8"
"144","29891","Engineering","engineering"
"145","29891","Finance","finance-10"
"146","29891","Fire","fire-9"
"147","29891","Human Resources","human-resources-6"
"148","29891","Information Systems","information-systems-2"
"149","29891","Neighborhood Services","neighborhood-services-1"
"150","29891","Police","police-9"
"151","29891","Public Works","public-works-12"
"152","29891","Utilities","utilities"
"153","28091","Administrative Services","administrative-services-2"
"154","28066","Finance","finance-11"
"155","28091","Library Services","library-services-2"
"156","28091","Public Services and Engineering","public-services-and-engineering"
"157","28065","Finance","finance-12"
"158","28065","Community Services","community-services-9"
"159","28065","Administrative Services ","administrative-services-3"
"160","28065","Planning","planning-1"
"161","28065","Public Works","public-works-13"
"162","28091","Community Development","community-development-8"
"163","28091","Fire Services","fire-services"
"164","28091","Police Services","police-services"
"165","28066","Administrative Services","administrative-services-4"
"166","28066","City Manager","city-manager-8"
"167","28066","Community Development Department","community-development-department"
"168","28066","Police","police-10"
"169","28066","Public Works","public-works-14"
"170","28066","Recreation ","recreation-2"
"171","28066","Fire ","fire-10"
"172","28091","Recreation and Golf Services","recreation-and-golf-services"
"173","28091","City Manager","city-manager-9"
"174","28065","City Manager","city-manager-10"
"175","28066","City Clerk","city-clerk-9"
"176","28066","City Attorney","city-attorney-6"
"177","28065","Fire","fire-11"
"178","28066","Community Development","community-development-9"
"179","28067","Finance","finance-13"
"180","28067","Parks, Recreation and Cultural Arts","parks-recreation-and-cultural-arts"
"181","28067","City Manager","city-manager-11"
"182","28067","Development Services","development-services-3"
"183","28067","City Clerk","city-clerk-10"
"184","28067","Fire","fire-12"
"185","28067","Public Works","public-works-15"
"186","28068","Finance","finance-14"
"187","28068","Public Works ","public-works-16"
"188","28068","Engineering","engineering-1"
"189","28068","Fire","fire-13"
"190","28068","Police","police-11"
"191","28068","Utilities","utilities-1"
"192","28068","City Attorney","city-attorney-7"
"193","28068","Community Development ","community-development-10"
"194","28068","Community Services ","community-services-10"
"195","28068","Information Systems ","information-systems-3"
"196","28068","City Clerk","city-clerk-11"
"197","28068","City Manager","city-manager-12"
"198","28068","Neighborhood Services","neighborhood-services-2"
"199","28068","Human Resources","human-resources-7"
"200","28068","City Treasurer","city-treasurer-4"
"201","28049","Finance","finance-15"
"202","28049","Community Development","community-development-11"
"203","28049","Fire","fire-14"
"204","28049","Public Works","public-works-17"
"205","28049","Public Safety","public-safety-1"
"206","28049","City Clerk","city-clerk-12"
"207","28049","City Manager","city-manager-13"
"208","28049","Human Resources","human-resources-8"
"209","28049","Recreation Services","recreation-services"
"210","28052","Finance","finance-16"
"211","28052","Public Works","public-works-18"
"212","28052","Community Development","community-development-12"
"213","28052","Community Services","community-services-11"
"214","28052","Fire","fire-15"
"215","28052","Police","police-12"
"216","28052","Administrative Services","administrative-services-5"
"217","28052","City Clerk","city-clerk-13"
"218","28053","Finance","finance-17"
"219","28053","Public Works","public-works-19"
"220","28053","Development Service","development-service"
"221","28053","City Manager","city-manager-14"
"222","28053","Fire","fire-16"
"223","28056","Library","library-2"
"224","28056","Finance","finance-18"
"225","28056","City Clerk","city-clerk-14"
"226","28056","Engineering & Public Works","engineering-public-works"
"227","28056","Fire","fire-17"
"228","28056","Human Resources","human-resources-9"
"229","28056","Neighborhood Services","neighborhood-services-3"
"230","28056","Police","police-13"
"231","28056","Planning","planning-2"
"232","28056","City Manager","city-manager-15"
"233","28056","Housing & Economic Development","housing-economic-development"
"234","28056","City Attorney","city-attorney-8"
"235","28056","Information Technology Services","information-technology-services-1"
"236","28056","Community Services","community-services-12"
"237","28073","Financial Services","financial-services-1"
"238","28073","Fire","fire-18"
"239","28073","Library","library-3"
"240","28073","Neighborhood Services","neighborhood-services-4"
"241","28073","Public Works","public-works-20"
"242","28073","Development Services","development-services-4"
"243","28073","Water Utilities","water-utilities-1"
"244","28073","City Clerk","city-clerk-15"
"245","28073","Police","police-14"
"246","28073","City Manager","city-manager-16"
"247","28073","City Attorney","city-attorney-9"
"248","28073","Human Resources","human-resources-10"
"249","28073","City Treasurer","city-treasurer-5"
"250","28078","Finance","finance-19"
"251","28078","Community Services","community-services-13"
"252","28078","Legislative and Administrative","legislative-and-administrative"
"253","28078","Development Services","development-services-5"
"254","28078","Public Works","public-works-21"
"255","28078","Safety Services","safety-services"
"256","28078","Human Resources","human-resources-11"
"257","28083","Finance","finance-20"
"258","28083","Development Services","development-services-6"
"259","28083","Parks and Recreation","parks-and-recreation-1"
"260","28083","Public Works","public-works-22"
"261","28083","Fire","fire-19"
"262","28083","Business Process/City Clerk","business-process-city-clerk"
"263","28083","Information Systems","information-systems-4"
"264","28083","Administration","administration-4"
"265","28083","Real Property Services","real-property-services"
"266","28083","Human Resources/Risk Management","human-resources-risk-management"
"267","28085","Finance","finance-21"
"268","28085","Community Services","community-services-14"
"269","28085","Development Services","development-services-7"
"270","28085","City Manager","city-manager-17"
"271","28085","City Clerk","city-clerk-16"
"272","28085","Human Resources & Risk Management","human-resources-risk-management-1"
"273","28085","Fire & Life Safety","fire-life-safety"
"274","28085","Economic Development","economic-development-1"
"275","28085","Information Technology","information-technology-4"
"276","28085","Fleet Operations & Maintenance","fleet-operations-maintenance"
"277","28086","Engineering/Public Works","engineering-public-works-1"
"278","28086","City Clerk","city-clerk-17"
"279","28086","Finance","finance-22"
"280","28086","City Manager","city-manager-18"
"281","28086","Community Development","community-development-13"
"282","28086","Code Compliance","code-compliance"
"283","28086","Fire","fire-20"
"284","28086","Human Resources","human-resources-12"
"285","28086","Information Systems","information-systems-5"
"286","28086","Junior Lifeguard","junior-lifeguard"
"287","28086","Public Works","public-works-23"
"288","28086","Marine Safety","marine-safety"
"289","28086","Community Services","community-services-15"
"290","28086","Recreation","recreation-3"
"291","28087","Finance","finance-23"
"292","28087","Housing","housing-1"
"293","28087","Recreation & Community Services","recreation-community-services"
"294","28087","Community Development ","community-development-14"
"295","28087","Fire","fire-21"
"296","28087","City Attorney","city-attorney-10"
"297","28087","City Clerk","city-clerk-18"
"298","28087","City Manager","city-manager-19"
"299","28087","Code Enforcement","code-enforcement-1"
"300","28087","Economic Development","economic-development-2"
"301","28087","Human Resources","human-resources-13"
"302","28087","Public Works","public-works-24"
"303","28087","Information Technology","information-technology-5"
"304","28087","City Council","city-council-2"
"305","29891","Housing","housing-2"
"306","29891","Recreation & Community Services","recreation-community-services-1"
"307","29891","Code Enforcement","code-enforcement-2"
"308","29891","Economic Development","economic-development-3"
"309","29891","Information Technology","information-technology-6"
"310","29891","City Council","city-council-3"
"311","28247","Administrative Services","administrative-services-6"
"312","28247","Community Development    ","community-development-15"
"313","28247","Community Services       ","community-services-16"
"314","28247","Fire Services            ","fire-services-1"
"315","28247","Management Services","management-services"
"316","28247","Public Works             ","public-works-25"
"317","28247","Police","police-15"
"318","27926","Finance","finance-24"
"319","27926","City Clerk","city-clerk-19"
"320","27926","Community Development","community-development-16"
"321","27926","Police","police-16"
"322","27926","Public Works","public-works-26"
"323","27926","Community Services","community-services-17"
"324","27926","City Manager","city-manager-20"
"325","27926","Human Resources","human-resources-14"
"326","28222","Finance","finance-25"
"327","28222","Police","police-17"
"328","28222","City Manager's Office","city-managers-office"
"329","28222","Development Services","development-services-8"
"330","28222","Public Services","public-services-1"
"331","28222","Parks & Community Services","parks-community-services"
"332","28222","Fire","fire-22"
"333","28222","Information Technology","information-technology-7"
"334","28222","City Council","city-council-4"
"335","27928","Finance & Administrative Services","finance-administrative-services"
"336","27928","Community Development","community-development-17"
"337","27928","Engineering","engineering-2"
"338","27928","City Manager","city-manager-21"
"339","27928","City Clerk","city-clerk-20"
"340","27928","Police","police-18"
"341","27928","City Council","city-council-5"
"342","28223","Administrative Services","administrative-services-7"
"343","28223","Recreation","recreation-4"
"344","28223","City Clerk","city-clerk-21"
"345","28223","Community Development","community-development-18"
"346","28223","Public Works ","public-works-27"
"347","28223","City Manager","city-manager-22"
"348","28223","General Services","general-services"
"349","28223","Economic Development","economic-development-4"
"350","28243","Finance","finance-26"
"351","28243","Planning & Building","planning-building"
"352","28243","Public Works","public-works-28"
"353","28243","Fire","fire-23"
"354","28243","Administration","administration-5"
"355","28243","Police","police-19"
"356","28243","City Clerk","city-clerk-22"
"357","28243","Recreation & Community Services","recreation-community-services-2"
"358","28243","Human Resources","human-resources-15"
"359","28243","Information Systems","information-systems-6"
"360","28248","Administrative Services","administrative-services-8"
"361","28248","City Council","city-council-6"
"362","28248","Fire","fire-24"
"363","28248","Police","police-20"
"364","28248","Community Development","community-development-19"
"365","28248","Library","library-4"
"366","28248","Parks & Recreation","parks-recreation-1"
"367","28248","Public Works","public-works-29"
"368","28248","City Manager","city-manager-23"
"369","28248","Human Resources","human-resources-16"
"370","28249","Finance","finance-27"
"371","28249","Community Services","community-services-18"
"372","28249","Human Resources","human-resources-17"
"373","28249","Information Technology","information-technology-8"
"374","28249","City Manager","city-manager-24"
"375","28249","Fire","fire-25"
"376","28249","Public Works","public-works-30"
"377","28249","Community & Economic Development","community-economic-development-1"
"378","28249","Police","police-21"
"379","27929","Finance","finance-28"
"380","27929","Community Services","community-services-19"
"381","27929","Community Development","community-development-20"
"382","27929","Police","police-22"
"383","27929","Engineering","engineering-3"
"384","27929","Public Works","public-works-31"
"385","27929","City Manager","city-manager-25"
"386","27929","City Clerk","city-clerk-23"
"387","27929","Human Resources","human-resources-18"
"388","28227","Administrative Services","administrative-services-9"
"389","28227","Police","police-23"
"390","28227","Community Development","community-development-21"
"391","28227","Community Services","community-services-20"
"392","28227","Fire","fire-26"
"393","28227","Public Works","public-works-32"
"394","28227","Water Quality","water-quality"
"395","28227","Cultural Arts","cultural-arts"
"396","28227","City Manager","city-manager-26"
"397","28227","Marine Safety","marine-safety-1"
"398","28227","City Clerk","city-clerk-24"
"399","28224","Finance","finance-29"
"400","28224","City Clerk","city-clerk-25"
"401","28224","Community Development","community-development-22"
"402","28224","Community Services","community-services-21"
"403","28224","Public Works","public-works-33"
"404","28224","City Manager","city-manager-27"
"405","28224","Management Services","management-services-1"
"406","28224","Police Services","police-services-1"
"407","27944","Administration","administration-6"
"408","27944","Recreation and Community Services","recreation-and-community-services"
"409","27944","Development Services","development-services-9"
"410","27944","Police","police-24"
"411","28240","Administrative Services","administrative-services-10"
"412","28240","Community Development","community-development-23"
"413","28240","Information Technology","information-technology-9"
"414","28240","Public Works","public-works-34"
"415","28240","Recreation and Community Services","recreation-and-community-services-1"
"416","28240","Public Services","public-services-2"
"417","28240","City Clerk","city-clerk-26"
"418","28240","Library","library-5"
"419","28240","City Manager","city-manager-28"
"420","28232","Finance","finance-30"
"421","28232","City Manager","city-manager-29"
"422","28232","Community Development","community-development-24"
"423","28232","Public Works","public-works-35"
"424","28232","City Attorney","city-attorney-11"
"425","28232","Fire","fire-27"
"426","28232","Human Resources","human-resources-19"
"427","28232","Police","police-25"
"428","28232","City Clerk","city-clerk-27"
"429","28232","Library Services","library-services-3"
"430","28232","Recreation & Senior Services","recreation-senior-services"
"431","28232","Utilities","utilities-2"
"432","28232","Harbor","harbor"
"433","28232","Information Technology","information-technology-10"
"434","28250","Finance","finance-31"
"435","28250","Community Development","community-development-25"
"436","28250","City Clerk","city-clerk-28"
"437","28250","Community Services","community-services-22"
"438","28250","Public Works","public-works-36"
"439","28250","Human Resources","human-resources-20"
"440","28250","City Attorney","city-attorney-12"
"441","28250","City Manager","city-manager-30"
"442","28250","Library Services","library-services-4"
"443","28250","Public Safety","public-safety-2"
"444","28250","Fire","fire-28"
"445","28250","City Treasurer","city-treasurer-6"
"446","28253","Finance","finance-32"
"447","28253","Development Services","development-services-10"
"448","28253","Administration","administration-7"
"449","28253","Fire and Life Safety","fire-and-life-safety"
"450","28253","Public Works","public-works-37"
"451","28253","Community Services","community-services-23"
"452","28253","Public Safety","public-safety-3"
"453","28239","Finance","finance-33"
"454","28239","Community Services","community-services-24"
"455","28239","Public Works","public-works-38"
"456","28239","Development Services","development-services-11"
"457","28239","City Clerk","city-clerk-29"
"458","28239","City Manager","city-manager-31"
"459","28239","Human Resources/Risk Management","human-resources-risk-management-2"
"460","28239","General Government","general-government-1"
"461","28233","Finance & Administrative Services","finance-administrative-services-1"
"462","28233","Community Development","community-development-26"
"463","28233","Public Works ","public-works-39"
"464","28233","Beaches, Parks & Recreation","beaches-parks-recreation"
"465","28233","Utilities","utilities-3"
"466","28233","General Government","general-government-2"
"467","28233","Public Safety","public-safety-4"
"468","28234","Finance","finance-34"
"469","28234","City Clerk","city-clerk-30"
"470","28234","City Manager ","city-manager-32"
"471","28234","Community Services","community-services-25"
"472","28234","Development Services","development-services-12"
"473","28234","Public Works and Utilities","public-works-and-utilities"
"474","28242","Finance & Management Services","finance-management-services"
"475","28242","Parks, Recreation, & Community Services","parks-recreation-community-services"
"476","28242","Police ","police-26"
"477","28242","Public Works","public-works-40"
"478","28242","Planning & Building","planning-building-1"
"479","28242","Information Technology","information-technology-11"
"480","28242","Community Development","community-development-27"
"481","28242","City Attorney's Office","city-attorneys-office"
"482","28242","City Manager's Office","city-managers-office-1"
"483","28242","Clerk of the Council","clerk-of-the-council"
"484","28242","Library","library-6"
"485","27947","Finance","finance-35"
"486","27947","Police","police-27"
"487","27947","Marine Safety","marine-safety-2"
"488","27947","City Manager","city-manager-33"
"489","27947","Public Works","public-works-41"
"490","27947","Community Development","community-development-28"
"491","27947","City Clerk","city-clerk-31"
"492","27947","Community Services","community-services-26"
"493","27935","Administrative Services","administrative-services-11"
"494","27935","Community Services","community-services-27"
"495","27935","Public Works","public-works-42"
"496","27935","Community/Economic Development","community-economic-development-2"
"497","27935","City Manager's Office","city-managers-office-2"
"498","27935","Public Safety","public-safety-5"
"499","28244","Finance","finance-36"
"500","28244","Community Development","community-development-29"
"501","28244","Economic Development","economic-development-5"
"502","28244","Parks and Recreation","parks-and-recreation-2"
"503","28244","Public Works","public-works-43"
"504","28244","Police ","police-28"
"505","28244","City Manager","city-manager-34"
"506","28244","Human Resources","human-resources-21"
"507","28252","Administration","administration-8"
"508","28252","Community Development","community-development-30"
"509","28252","Public Works","public-works-44"
"510","28237","Finance","finance-37"
"511","28237","Community Development","community-development-31"
"512","28237","Police","police-29"
"513","28237","Public Works","public-works-45"
"514","28237","City Clerk","city-clerk-32"
"515","28237","Community Services","community-services-28"
"516","28237","City Manager","city-manager-35"
"517","28237","Human Resources","human-resources-22"
"518","28255","Finance","finance-38"
"519","28255","Community Development","community-development-32"
"520","28255","Library","library-7"
"521","28255","Parks & Recreation","parks-recreation-2"
"522","28255","Public Works","public-works-46"
"523","28255","Administration","administration-9"
"524","28513","Finance","finance-39"
"525","28513","Community Development","community-development-33"
"526","28513","Recreation & Parks","recreation-parks"
"527","28513","Police","police-30"
"528","28513","Base Reuse","base-reuse"
"529","28513","Fire","fire-29"
"530","28513","Human Resources","human-resources-23"
"531","28513","Alameda Municipal Power","alameda-municipal-power"
"532","28513","City Attorney","city-attorney-13"
"533","28513","City Manager","city-manager-36"
"534","28513","Public Works","public-works-47"
"535","28513","City Clerk","city-clerk-33"
"536","28513","Information Technology","information-technology-12"
"537","28513","Library","library-8"
"538","29893","Fire","fire-30"
"539","29893","Police","police-31"
"540","29893","City Administrator","city-administrator"
"541","29893","City Attorney","city-attorney-14"
"542","29893","City Auditor","city-auditor"
"543","29893","City Clerk","city-clerk-34"
"544","29893","City Council","city-council-7"
"545","29893","Economic & Workforce Development","economic-workforce-development"
"546","29893","Finance","finance-40"
"547","29893","Housing & Community Development","housing-community-development"
"548","29893","Human Resources","human-resources-24"
"549","29893","Human Services","human-services"
"550","29893","Information Technology","information-technology-13"
"551","29893","Mayor","mayor"
"552","29893","Oakland Parks, Recreation & Youth Development","oakland-parks-recreation-youth-development"
"553","29893","Oakland Public Library","oakland-public-library"
"554","29893","Planning & Building","planning-building-2"
"555","29893","Police Commission","police-commission"
"556","29893","Public Ethics Commission","public-ethics-commission"
"557","29893","Public Works","public-works-48"
"558","29893","Race & Equity","race-equity"
"559","29893","Transportation","transportation"
"560","29893","Violence Prevention","violence-prevention"
"561","28573","Police","police-32"
"562","28573","City Manager","city-manager-37"
"563","28573","Community Development","community-development-34"
"564","28573","Finance","finance-41"
"565","28573","Fire","fire-31"
"566","28573","Human Resources","human-resources-25"
"567","28573","Public Works","public-works-49"
"568","28573","Recreation & Community Services","recreation-community-services-3"
"569","28572","Fire","fire-32"
"570","28572","City Attorney","city-attorney-15"
"571","28572","City Auditor","city-auditor-1"
"572","28572","City Clerk","city-clerk-35"
"573","28572","City Manager","city-manager-38"
"574","28572","Economic Development","economic-development-6"
"575","28572","Finance","finance-42"
"576","28572","Health, Housing & Community Services","health-housing-community-services"
"577","28572","Human Resources","human-resources-26"
"578","28572","Information Technology","information-technology-14"
"579","28572","Library","library-9"
"580","28572","Mayor & Council","mayor-council"
"581","28572","Parks, Recreation & Waterfront","parks-recreation-waterfront"
"582","28572","Planning","planning-3"
"583","28572","Police","police-33"
"584","28572","Public Works","public-works-50"
"585","28572","Rent Stabilization Board","rent-stabilization-board"
"586","28553","Administrative Services","administrative-services-12"
"587","28553","City Clerk","city-clerk-36"
"588","28553","City Manager","city-manager-39"
"589","28553","Community Development","community-development-35"
"590","28553","Fire Services","fire-services-2"
"591","28553","Human Resources","human-resources-27"
"592","28553","Parks and Community Services","parks-and-community-services"
"593","28553","Police Services","police-services-2"
"594","28553","Public Works","public-works-51"
"595","28570","Police","police-34"
"596","28570","City Attorney","city-attorney-16"
"597","28570","City Manager","city-manager-40"
"598","28570","Community Development","community-development-36"
"599","28570","Community Services","community-services-29"
"600","28570","Finance","finance-43"
"601","28570","Human Resources","human-resources-28"
"602","28570","Public Works","public-works-52"
"603","28535","Fire","fire-33"
"604","28535","Police","police-35"
"605","28535","City Attorney","city-attorney-17"
"606","28535","City Clerk","city-clerk-37"
"607","28535","City Manager","city-manager-41"
"608","28535","Community Development","community-development-37"
"609","28535","Community Services","community-services-30"
"610","28535","Economic Development","economic-development-7"
"611","28535","Finance","finance-44"
"612","28535","Human Resources","human-resources-29"
"613","28535","Human Services","human-services-1"
"614","28535","Information Technology","information-technology-15"
"615","28535","Public Works","public-works-53"
"616","28536","Fire","fire-34"
"617","28536","Police","police-36"
"618","28536","City Attorney","city-attorney-18"
"619","28536","City Clerk","city-clerk-38"
"620","28536","City Manager","city-manager-42"
"621","28536","Development Services","development-services-13"
"622","28536","Finance","finance-45"
"623","28536","Human Resources","human-resources-30"
"624","28536","Information Technology","information-technology-16"
"625","28536","Library","library-10"
"626","28536","Maintenance Services","maintenance-services"
"627","28536","Public Works","public-works-54"
"628","28536","Utilities & Environmental Services","utilities-environmental-services"
"629","28541","Fire","fire-35"
"630","28541","Police","police-37"
"631","28541","Administrative Services","administrative-services-13"
"632","28541","City Attorney","city-attorney-19"
"633","28541","City Clerk","city-clerk-39"
"634","28541","City Manager","city-manager-43"
"635","28541","Community Development","community-development-38"
"636","28541","Finance","finance-46"
"637","28541","Human Resources","human-resources-31"
"638","28541","Information Technology","information-technology-17"
"639","28541","Innovation & Economic Development","innovation-economic-development"
"640","28541","Library","library-11"
"641","28541","Public Works","public-works-55"
"642","28545","Police","police-38"
"643","28545","Community Development","community-development-39"
"644","28545","General Government & Management","general-government-management"
"645","28545","Public Works","public-works-56"
"646","28545","Recreation","recreation-5"
"647","28569","Fire","fire-36"
"648","28569","Police","police-39"
"649","28569","City Administrator","city-administrator-1"
"650","28569","City Attorney","city-attorney-20"
"651","28569","City Auditor","city-auditor-2"
"652","28569","City Clerk","city-clerk-40"
"653","28569","City Council","city-council-8"
"654","28569","Economic & Workforce Development","economic-workforce-development-1"
"655","28569","Finance","finance-47"
"656","28569","Housing & Community Development","housing-community-development-1"
"657","28569","Human Resources","human-resources-32"
"658","28569","Human Services","human-services-2"
"659","28569","Information Technology","information-technology-18"
"660","28569","Mayor","mayor-1"
"661","28569","Oakland Parks, Recreation & Youth Development","oakland-parks-recreation-youth-development-1"
"662","28569","Oakland Public Library","oakland-public-library-1"
"663","28569","Planning & Building","planning-building-3"
"664","28569","Police Commission","police-commission-1"
"665","28569","Public Ethics Commission","public-ethics-commission-1"
"666","28569","Public Works","public-works-57"
"667","28569","Race & Equity","race-equity-1"
"668","28569","Transportation","transportation-1"
"669","28569","Violence Prevention","violence-prevention-1"
"670","28571","Administration","administration-10"
"671","28571","Fire","fire-37"
"672","28571","Police","police-40"
"673","28571","Public Works","public-works-58"
"674","28571","Recreation","recreation-6"
"675","28551","Fire","fire-38"
"676","28551","Police","police-41"
"677","28551","City Manager","city-manager-44"
"678","28551","Community Development","community-development-40"
"679","28551","Economic Development","economic-development-8"
"680","28551","Engineering","engineering-4"
"681","28551","Finance","finance-48"
"682","28551","Human Resources","human-resources-33"
"683","28551","Information Technology","information-technology-19"
"684","28551","Law","law"
"685","28551","Library and Recreation","library-and-recreation"
"686","28551","Operations Services","operations-services"
"687","28560","Police","police-42"
"688","28560","City Council","city-council-9"
"689","28560","City Manager","city-manager-45"
"690","28560","Community Development","community-development-41"
"691","28560","Engineering & Transportation","engineering-transportation"
"692","28560","Finance","finance-49"
"693","28560","Library","library-12"
"694","28560","Public Works","public-works-59"
"695","28560","Recreation & Human Services","recreation-human-services"
"696","28565","Police","police-43"
"697","28565","City Clerk","city-clerk-41"
"698","28565","City Manager","city-manager-46"
"699","28565","Community & Recreation Services","community-recreation-services"
"700","28565","Economic and Community Development","economic-and-community-development"
"701","28565","Finance","finance-50"
"702","28565","Public Works","public-works-60"
"703","29892","Administration","administration-11"
"704","29892","Finance","finance-51"
"705","29892","Police","police-44"
"706","29892","Public Works","public-works-61"
"707","28483","City Attorney","city-attorney-21"
"708","28483","City Manager","city-manager-47"
"709","28483","City Treasurer","city-treasurer-7"
"710","28483","Community Development","community-development-42"
"711","28483","Finance","finance-52"
"712","28483","Fire","fire-39"
"713","28483","Human Resources","human-resources-34"
"714","28483","Information Services","information-services"
"715","28483","Parks and Recreation","parks-and-recreation-3"
"716","28483","Police","police-45"
"717","28483","Public Works","public-works-62"
"718","28484","Administrative Services","administrative-services-14"
"719","28484","City Manager","city-manager-48"
"720","28484","Fire","fire-40"
"721","28484","Marina","marina"
"722","28484","Parks and Recreation","parks-and-recreation-4"
"723","28484","Planning and Community Development","planning-and-community-development"
"724","28484","Police","police-46"
"725","28484","Public Works","public-works-63"
"726","28485","Police","police-47"
"727","28485","City Attorney","city-attorney-22"
"728","28485","City Clerk","city-clerk-42"
"729","28485","City Manager","city-manager-49"
"730","28485","Community Development","community-development-43"
"731","28485","Finance","finance-53"
"732","28485","Human Resources","human-resources-35"
"733","28485","Library","library-13"
"734","28485","Parks and Recreation ","parks-and-recreation-5"
"735","28485","Public Works","public-works-64"
"736","29858","Police","police-48"
"737","29858","City Clerk","city-clerk-43"
"738","29858","City Manager","city-manager-50"
"739","29858","Public Works and  Planning","public-works-and-planning"
"740","29858","Recreation Services","recreation-services-1"
"741","28486","City Attorney","city-attorney-23"
"742","28486","City Clerk","city-clerk-44"
"743","28486","City Manager","city-manager-51"
"744","28486","Economic and Community Development","economic-and-community-development-1"
"745","28486","Finance and Administrative Services","finance-and-administrative-services"
"746","28486","Fire","fire-41"
"747","28486","Human Resources","human-resources-36"
"748","28486","Library and Recreation Services","library-and-recreation-services"
"749","28486","Police","police-49"
"750","28486","Public Works","public-works-65"
"751","28486","Water and Wastewater Resources","water-and-wastewater-resources"
"752","29862","Administrative Services","administrative-services-15"
"753","29862","City Attorney","city-attorney-24"
"754","29862","City Clerk","city-clerk-45"
"755","29862","City Manager","city-manager-52"
"756","29862","Community and Economic Development","community-and-economic-development"
"757","29862","Community Development","community-development-44"
"758","29862","Police","police-50"
"759","29862","Public Works","public-works-66"
"760","29865","City Manager","city-manager-53"
"761","29865","Communications/City Clerk","communications-city-clerk"
"762","29865","Community Development ","community-development-45"
"763","29865","Financial Service/City Treasurer","financial-service-city-treasurer"
"764","29865","Fire","fire-42"
"765","29865","Human Resources","human-resources-37"
"766","29865","Parks and Recreation","parks-and-recreation-6"
"767","29865","Police","police-51"
"768","29865","Public Works","public-works-67"
"769","28488","Administrative Services","administrative-services-16"
"770","28488","City Manager","city-manager-54"
"771","28488","Communications/City Clerk","communications-city-clerk-1"
"772","28488","Community Development","community-development-46"
"773","28488","Public Works","public-works-68"
"774","29867","Building and Planning","building-and-planning"
"775","29867","City Manager","city-manager-55"
"776","29867","Finance","finance-54"
"777","29867","Police","police-52"
"778","29867","Public Works","public-works-69"
"779","28492","Police","police-53"
"780","28492","Administrative Services","administrative-services-17"
"781","28492","City Clerk","city-clerk-46"
"782","28492","City Manager","city-manager-56"
"783","28492","Community Development","community-development-47"
"784","28492","Community Services","community-services-31"
"785","28492","Finance","finance-55"
"786","28492","Human Resources","human-resources-38"
"787","28492","Information Technology","information-technology-20"
"788","28492","Library","library-14"
"789","28492","Public Works","public-works-70"
"790","28495","Administrative Services","administrative-services-18"
"791","28495","City Clerk","city-clerk-47"
"792","28495","City Manager","city-manager-57"
"793","28495","Community Development","community-development-48"
"794","28495","Finance","finance-56"
"795","28495","Police","police-54"
"796","28495","Public Works","public-works-71"
"797","28495","Recreation","recreation-7"
"798","28499","Police","police-55"
"799","28499","Administrative Services","administrative-services-19"
"800","28499","City Manager's Office","city-managers-office-3"
"801","28499","Fire","fire-43"
"802","28499","Parks, Beaches & Recreation","parks-beaches-recreation"
"803","28499","Planning","planning-4"
"804","28499","Public Works","public-works-72"
"805","28494","Administration","administration-12"
"806","28494","Building and Planning","building-and-planning-1"
"807","28494","Finance","finance-57"
"808","28494","Public Works","public-works-73"
"809","28501","Fire","fire-44"
"810","28501","Police","police-56"
"811","28501","Administrative Services","administrative-services-20"
"812","28501","City Attorney","city-attorney-25"
"813","28501","City Clerk","city-clerk-48"
"814","28501","City Manager","city-manager-58"
"815","28501","Community Development and Transportation","community-development-and-transportation"
"816","28501","Library","library-15"
"817","28501","Parks, Recreation and Community Services","parks-recreation-and-community-services"
"818","28501","Public Works Services","public-works-services"
"819","28502","Fire","fire-45"
"820","28502","Cable ","cable"
"821","28502","City Attorney","city-attorney-26"
"822","28502","City Clerk","city-clerk-49"
"823","28502","City Manager","city-manager-59"
"824","28502","Community Development","community-development-49"
"825","28502","Community Services","community-services-32"
"826","28502","Finance","finance-58"
"827","28502","Human Resources","human-resources-39"
"828","28502","Information Technology","information-technology-21"
"829","28502","Police","police-57"
"830","28502","Public Works","public-works-74"
"831","28503","Administrative Services","administrative-services-21"
"832","28503","City Clerk","city-clerk-50"
"833","28503","City Manager","city-manager-60"
"834","28503","Community Development","community-development-50"
"835","28503","Fire","fire-46"
"836","28503","Parks and Recreation","parks-and-recreation-7"
"837","28503","Public Works","public-works-75"
"838","28512","City Attorney","city-attorney-27"
"839","28512","City Clerk","city-clerk-51"
"840","28512","City Manager","city-manager-61"
"841","28512","Community Development","community-development-51"
"842","28512","Finance","finance-59"
"843","28512","Human Resources","human-resources-40"
"844","28512","Information Technology","information-technology-22"
"845","28512","Library","library-16"
"846","28512","Parks and Recreation","parks-and-recreation-8"
"847","28512","Police","police-58"
"848","28512","Public Works","public-works-76"
"849","28506","Fire","fire-47"
"850","28506","Police","police-59"
"851","28506","City Clerk","city-clerk-52"
"852","28506","City Manager","city-manager-62"
"853","28506","Economic and Community Development","economic-and-community-development-2"
"854","28506","Finance","finance-60"
"855","28506","Human Resources","human-resources-41"
"856","28506","Information Technology","information-technology-23"
"857","28506","Library","library-17"
"858","28506","Parks and Recreation","parks-and-recreation-9"
"859","28506","Public Works","public-works-77"
"860","29886","Administration and Finance","administration-and-finance"
"861","29886","Planning","planning-5"
"862","29886","Public Works","public-works-78"
"863","29886","Town Manager","town-manager"
"864","29894","City Attorney","city-attorney-28"
"865","29894","City Clerk","city-clerk-53"
"866","29894","City Manager","city-manager-63"
"867","29894","Economic and Community Development","economic-and-community-development-3"
"868","29894","Finance and Administrative Services","finance-and-administrative-services-1"
"869","29894","Fire","fire-48"
"870","29894","Human Resources","human-resources-42"
"871","29894","Library and Recreation Services","library-and-recreation-services-1"
"872","29894","Police","police-60"
"873","29894","Public Works","public-works-79"
"874","29894","Water and Wastewater Resources","water-and-wastewater-resources-1"
"875","29854","General Administration","general-administration"
"876","29854","Planning & Building","planning-building-4"
"877","29854","Police","police-61"
"878","29854","Public Works","public-works-80"
"879","28584","Administration & Finance","administration-finance"
"880","28584","Planning and Building","planning-and-building"
"881","28584","Public Works - Engineering","public-works-engineering"
"882","28584","Public Works - Maintenance and Field Operations","public-works-maintenance-and-field-operations"
"883","28584","Recreation","recreation-8"
"884","28587","Building & Planning Services","building-planning-services"
"885","28587","Finance","finance-61"
"886","28587","Police","police-62"
"887","28587","Public Works","public-works-81"
"888","28587","Recreation & Community Services","recreation-community-services-4"
"889","28587","Town Manager","town-manager-1"
"890","28592","Daycare","daycare"
"891","28592","Fire","fire-49"
"892","28592","General Administration","general-administration-1"
"893","28592","Library","library-18"
"894","28592","Planning & Building","planning-building-5"
"895","28592","Public Works","public-works-82"
"896","28592","Recreation","recreation-9"
"897","28594","Fire","fire-50"
"898","28594","Government & Administrative Services","government-administrative-services"
"899","28594","Library","library-19"
"900","28594","Planning and Building","planning-and-building-1"
"901","28594","Police","police-63"
"902","28594","Public Works","public-works-83"
"903","28594","Recreation","recreation-10"
"904","28595","Police","police-64"
"905","28595","Administrative Services","administrative-services-22"
"906","28595","Central Administration","central-administration"
"907","28595","Community Development","community-development-52"
"908","28595","Parks, Recreation & Community Services","parks-recreation-community-services-1"
"909","28595","Public Works","public-works-84"
"910","28601","General Government","general-government-3"
"911","28601","Planning and Building","planning-and-building-2"
"912","28601","Public Safety - Police","public-safety-police"
"913","28601","Public Works","public-works-85"
"914","28601","Recreation","recreation-11"
"915","28602","Administration & Finance","administration-finance-1"
"916","28602","Library","library-20"
"917","28602","Planning & Building","planning-building-6"
"918","28602","Public Works","public-works-86"
"919","28602","Recreation","recreation-12"
"920","28577","Fire","fire-51"
"921","28577","Police","police-65"
"922","28577","City Attorney","city-attorney-29"
"923","28577","City Clerk","city-clerk-54"
"924","28577","City Manager/Council","city-manager-council"
"925","28577","Community Development","community-development-53"
"926","28577","Community Services","community-services-33"
"927","28577","Digital Service & Open Government","digital-service-open-government"
"928","28577","Economic Development","economic-development-9"
"929","28577","Finance","finance-62"
"930","28577","Human Resources","human-resources-43"
"931","28577","Library","library-21"
"932","28577","Parking Services","parking-services"
"933","28577","Public Works","public-works-87"
"934","28605","Police","police-66"
"935","28605","Administration","administration-13"
"936","28605","Community Development","community-development-54"
"937","28605","Information Technology","information-technology-24"
"938","28605","Library","library-22"
"939","28605","Parks & Recreation","parks-recreation-3"
"940","28605","Public Works","public-works-88"
"941","29883","Community Development","community-development-55"
"942","29883","Police","police-67"
"943","29883","Public Works","public-works-89"
"944","29883","Town Administration","town-administration"
"945","29895","Fire","fire-52"
"946","29895","Police","police-68"
"947","29895","City Attorney","city-attorney-30"
"948","29895","City Clerk","city-clerk-55"
"949","29895","City Manager/Council","city-manager-council-1"
"950","29895","Community Development","community-development-56"
"951","29895","Community Services","community-services-34"
"952","29895","Digital Service & Open Government","digital-service-open-government-1"
"953","29895","Economic Development","economic-development-10"
"954","29895","Finance","finance-63"
"955","29895","Human Resources","human-resources-44"
"956","29895","Library","library-23"
"957","29895","Parking Services","parking-services-1"
"958","29895","Public Works","public-works-90"
"959","29893","General","general"
"960","29893","General-test","general-test"
"961","28565","Multi-Departmental","multi-departmental"
"962","28616","City Manager","city-manager-64"
"963","28616","Community Development","community-development-57"
"964","28616","Finance","finance-64"
"965","28616","Public Safety","public-safety-6"
"966","28616","Public Works","public-works-91"
"967","28616","Recreation and Community Services","recreation-and-community-services-2"
"968","28620","Administrative Services","administrative-services-23"
"969","28620","City Attorney","city-attorney-31"
"970","28620","City Clerk","city-clerk-56"
"971","28620","City Manager","city-manager-65"
"972","28620","Community Development","community-development-58"
"973","28620","Innovation and Technology","innovation-and-technology"
"974","28620","Public Works","public-works-92"
"975","28620","Recreation and Community Service","recreation-and-community-service"
"976","28624","Administration","administration-14"
"977","28624","Community Development","community-development-59"
"978","28624","Finance","finance-65"
"979","28624","Fire","fire-53"
"980","28624","Human Resources and Risk Management","human-resources-and-risk-management"
"981","28624","Information Technology","information-technology-25"
"982","28624","Police","police-69"
"983","28624","Public Works","public-works-93"
"984","28624","Recreation","recreation-13"
"985","28491","Administrative Services","administrative-services-24"
"986","28491","City Manager","city-manager-66"
"987","28491","Community Development","community-development-60"
"988","28491","Engineering","engineering-5"
"989","28491","Maintenance Services","maintenance-services-1"
"990","28491","Police","police-70"
"991","28491","Recreation and Community Services","recreation-and-community-services-3"
"992","29873","Clerk Administration","clerk-administration"
"993","29873","Community Development","community-development-61"
"994","29873","Finance Services","finance-services"
"995","29873","Human Resources","human-resources-45"
"996","29873","Information Technology","information-technology-26"
"997","29873","Library","library-24"
"998","29873","Parks and Public Works","parks-and-public-works"
"999","29873","Police","police-71"
"1000","29873","Town Attorney","town-attorney"
"1001","29873","Town Manager","town-manager-2"
"1002","28628","Building and Housing","building-and-housing"
"1003","28628","City Attorney","city-attorney-32"
"1004","28628","City Clerk","city-clerk-57"
"1005","28628","City Manager","city-manager-67"
"1006","28628","Economic Development","economic-development-11"
"1007","28628","Engineering","engineering-6"
"1008","28628","Finance","finance-66"
"1009","28628","Fire","fire-54"
"1010","28628","Human Resources","human-resources-46"
"1011","28628","Information Technology","information-technology-27"
"1012","28628","Planning","planning-6"
"1013","28628","Police","police-72"
"1014","28628","Public Works","public-works-94"
"1015","28628","Recreation and Community Services","recreation-and-community-services-4"
"1016","29875","Administrative Services","administrative-services-25"
"1017","29875","Building","building"
"1018","29875","Engineering","engineering-7"
"1019","29875","Finance","finance-67"
"1020","29875","Planning","planning-7"
"1021","28629","Administrative Services","administrative-services-26"
"1022","28629","City Attorney","city-attorney-33"
"1023","28629","City Manager","city-manager-68"
"1024","28629","Community Services","community-services-35"
"1025","28629","Development Services","development-services-14"
"1026","28629","Engineering and Utilities","engineering-and-utilities"
"1027","28629","Police","police-73"
"1028","28496","City Attorney","city-attorney-34"
"1029","28496","City Clerk","city-clerk-58"
"1030","28496","City Manager","city-manager-69"
"1031","28496","Community Development","community-development-62"
"1032","28496","Community Services","community-services-36"
"1033","28496","Finance and Administrative Services","finance-and-administrative-services-2"
"1034","28496","Fire","fire-55"
"1035","28496","Information Technology","information-technology-28"
"1036","28496","Library Services","library-services-5"
"1037","28496","Police","police-74"
"1038","28496","Public Works","public-works-95"
"1039","28637","City Attorney","city-attorney-35"
"1040","28637","City Auditor","city-auditor-3"
"1041","28637","City Clerk","city-clerk-59"
"1042","28637","City Manager","city-manager-70"
"1043","28637","Community Development","community-development-63"
"1044","28637","Electric Utility","electric-utility-1"
"1045","28637","Finance","finance-68"
"1046","28637","Fire","fire-56"
"1047","28637","Human Resources","human-resources-47"
"1048","28637","Information Technology","information-technology-29"
"1049","28637","Library","library-25"
"1050","28637","Mayor and City Council","mayor-and-city-council"
"1051","28637","Non-Department","non-department"
"1052","28637","Parks and Recreation","parks-and-recreation-10"
"1053","28637","Police","police-75"
"1054","28637","Public Works","public-works-96"
"1055","28637","Water and Sewer Utilities","water-and-sewer-utilities"
"1056","28507","City Attorney","city-attorney-36"
"1057","28507","City Manager","city-manager-71"
"1058","28507","Community Development","community-development-64"
"1059","28507","Environmental Services","environmental-services-1"
"1060","28507","Finance","finance-69"
"1061","28507","Human Resources","human-resources-48"
"1062","28507","Information Technology","information-technology-30"
"1063","28507","Library and Community Services","library-and-community-services"
"1064","28507","NOVA Workforce Services","nova-workforce-services"
"1065","28507","Public Safety","public-safety-7"
"1066","28507","Public Works","public-works-97"
"1067","28510","Administrative Services","administrative-services-27"
"1068","28510","City Attorney","city-attorney-37"
"1069","28510","City Auditor","city-auditor-4"
"1070","28510","City Clerk","city-clerk-60"
"1071","28510","City Manager","city-manager-72"
"1072","28510","Community Services","community-services-37"
"1073","28510","Development Services","development-services-15"
"1074","28510","Fire","fire-57"
"1075","28510","Human Resources","human-resources-49"
"1076","28510","Information Technology","information-technology-31"
"1077","28510","Library","library-26"
"1078","28510","Office of Emergency Services","office-of-emergency-services"
"1079","28510","Planning and Community Environment","planning-and-community-environment"
"1080","28510","Police","police-76"
"1081","28510","Public Works","public-works-98"
"1082","28510","Utilities","utilities-4"
"1083","28640","Administrative Services","administrative-services-28"
"1084","28640","City Manager","city-manager-73"
"1085","28640","Community Development","community-development-65"
"1086","28640","Community Services","community-services-38"
"1087","28640","Public Works","public-works-99"
"1088","29872","City Clerk","city-clerk-61"
"1089","29872","City Manager","city-manager-74"
"1090","29872","Parks & Recreation","parks-recreation-4"
"1091","29872","Planning & Building","planning-building-7"
"1092","29872","Public Works","public-works-100"
"1093","28644","Airport","airport-1"
"1094","28644","City Attorney","city-attorney-38"
"1095","28644","City Auditor","city-auditor-5"
"1096","28644","City Clerk","city-clerk-62"
"1097","28644","City Manager's Office","city-managers-office-4"
"1098","28644","Community Energy","community-energy"
"1099","28644","Economic Development","economic-development-12"
"1100","28644","Environmental Services","environmental-services-2"
"1101","28644","Finance","finance-70"
"1102","28644","Fire","fire-58"
"1103","28644","Housing","housing-3"
"1104","28644","Human Resources","human-resources-50"
"1105","28644","Information Technology","information-technology-32"
"1106","28644","Library","library-27"
"1107","28644","Mayor and City Council","mayor-and-city-council-1"
"1108","28644","Parks, Recreation, Neighborhood Services","parks-recreation-neighborhood-services"
"1109","28644","Planning, Building and Code Enforcement","planning-building-and-code-enforcement"
"1110","28644","Police","police-77"
"1111","28644","Police Auditor","police-auditor"
"1112","28644","Public Works","public-works-101"
"1113","28644","Retirement Services","retirement-services"
"1114","28644","Transportation","transportation-2"
"1115","28644","Multi-Departmental","multi-departmental-1"
"1116","29896","General Administration","general-administration-2"
"1117","29896","Planning & Building","planning-building-8"
"1118","29896","Police","police-78"
"1119","29896","Public Works","public-works-102"
"1120","28617","City Manager","city-manager-3"
"1121","28617","Finance","finance-7"
"1122","28617","Police","police-5"
"1123","28617","Public Works","public-works-8"
"1124","28617","Recreation","recreation-14"
"1125","28617","Community Development","community-development-5"
"1126","28639","Administrative Services","administrative-services-29"
"1127","28639","Parks and Recreation","parks-and-recreation-11"
"1128","28639","Police","police-6"
"1129","28639","Public Works","public-works-9"
"1130","28639","City Manager","city-manager-4"
"1131","28639","Planning and Building ","planning-and-building-3"
"1132","28643","Airport","airport-2"
"1133","28643","City Clerk","city-clerk-5"
"1134","28643","Community Development","community-development-66"
"1135","28643","Fire","fire-5"
"1136","28643","Innovation and Technology","innovation-and-technology-1"
"1137","28643","Library","library-1"
"1138","28643","Parks and Community Services","parks-and-community-services-1"
"1139","28643","Police","police-8"
"1140","28643","Public Works and Utilities","public-works-and-utilities-1"
"1141","28643","City Manager","city-manager-6"
"1142","28643","Finance","finance-8"
"1143","28643","Human Resources","human-resources-2"
"1144","28638","City Manager","city-manager-75"
"1145","28638","Economic Development","economic-development-13"
"1146","28638","Finance","finance-71"
"1147","28638","Fire","fire-6"
"1148","28638","Human Resources","human-resources-3"
"1149","28638","Information Technology","information-technology-3"
"1150","28638","Library","library-28"
"1151","28638","Parks and Recreation","parks-and-recreation-12"
"1152","28638","Planning and Community Development","planning-and-community-development-1"
"1153","28638","Police","police-79"
"1154","28638","Public Works","public-works-11"
"1155","28638","Water","water"
"1156","28572","Multi-Departmental","multi-departmental-2"
"1157","28528","Finance","finance-72"
"1158","28528","Community & Economic Development","community-economic-development"
"1159","28528","City Manager","city-manager-76"
"1160","28528","Public Works","public-works-103"
"1161","28528","Police","police-80"
"1162","28528","Parks & Recreation","parks-recreation-5"
"1163","28528","City Attorney","city-attorney-2"
"1164","28528","Concord Community Reuse Project","concord-community-reuse-project"
"1165","28528","Human Resources","human-resources-5"
"1166","28528","Information Technology","information-technology-33"
"1167","28516","Administrative Services","administrative-services-30"
"1168","28516","Development Services","development-services-2"
"1169","28516","Police Services","police-services-3"
"1170","28516","Recreation, Arts & Community Services","recreation-arts-community-services"
"1171","28516","General Government","general-government-4"
"1172","28516","Maintenance Services","maintenance-services-2"
"1173","28532","Finance","finance-73"
"1174","28532","Public Works","public-works-104"
"1175","28532","City Management","city-management"
"1176","28532","Recreation","recreation-15"
"1177","28532","Fire","fire-8"
"1178","28532","Community Development","community-development-67"
"1179","28532","Police","police-81"
"1180","28538","Administration","administration-15"
"1181","28538","Police","police-82"
"1182","28538","Public Works","public-works-105"
"1183","28538","Parks & Recreation","parks-recreation-6"
"1184","28538","Community Development","community-development-68"
"1185","28540","Administrative Services","administrative-services-31"
"1186","28540","Engineering","engineering-8"
"1187","28540","Planning & Building","planning-building-9"
"1188","28540","Parks, Trails & Recreation","parks-trails-recreation"
"1189","28540","Public Works","public-works-106"
"1190","28540","Police Services","police-services-4"
"1191","28542","Administrative Services","administrative-services-32"
"1192","28542","Public Works","public-works-107"
"1193","28542","Community Development","community-development-69"
"1194","28542","Police","police-83"
"1195","28542","Water System","water-system"
"1196","28542","General Government","general-government-5"
"1197","28550","Finance","finance-74"
"1198","28550","Public Works","public-works-108"
"1199","28550","Administration","administration-16"
"1200","28550","Enterprise Services","enterprise-services"
"1201","28550","Pittsburg Power Company","pittsburg-power-company"
"1202","28550","Recreation","recreation-16"
"1203","28550","Community Development","community-development-70"
"1204","28550","Police","police-84"
"1205","28550","Human Resources","human-resources-51"
"1206","28550","Information Technology","information-technology-34"
"1207","28519","Community Development","community-development-71"
"1208","28519","Economic Development","economic-development-14"
"1209","28519","Finance","finance-75"
"1210","28519","Human Resources","human-resources-52"
"1211","28519","Information Systems","information-systems"
"1212","28519","Legislative & Administrative","legislative-administrative"
"1213","28519","Parks & Recreation","parks-recreation-7"
"1214","28519","Police","police-85"
"1215","28519","Public Works","public-works-109"
"1216","28523","City Attorney","city-attorney-4"
"1217","28523","City Manager","city-manager-77"
"1218","28523","Community Development","community-development-72"
"1219","28523","Finance & Information Systems","finance-information-systems"
"1220","28523","Human Resources","human-resources-53"
"1221","28523","Parks & Recreation","parks-recreation-8"
"1222","28523","Police","police-86"
"1223","28523","Public Works","public-works-110"
"1224","28527","Administration","administration-17"
"1225","28527","Community Development","community-development-73"
"1226","28527","Finance","finance-76"
"1227","28527","Police","police-87"
"1228","28527","Public Works","public-works-111"
"1229","28543","General Government","general-government-6"
"1230","28543","Parks & Recreation","parks-recreation-9"
"1231","28543","Planning","planning-8"
"1232","28543","Police","police-88"
"1233","28543","Public Works & Engineering","public-works-engineering-1"
"1234","28546","Building ","building-1"
"1235","28546","Building Maintenance","building-maintenance"
"1236","28546","City Attorney","city-attorney-39"
"1237","28546","City Clerk","city-clerk-7"
"1238","28546","City Manager","city-manager-78"
"1239","28546","Code Enforcement","code-enforcement-3"
"1240","28546","Community Outreach","community-outreach"
"1241","28546","Economic Development","economic-development-15"
"1242","28546","Finance","finance-77"
"1243","28546","Human Resources","human-resources-54"
"1244","28546","Information Technology","information-technology-35"
"1245","28546","Planning","planning-9"
"1246","28546","Police","police-89"
"1247","28546","Public Works and Engineering","public-works-and-engineering"
"1248","28546","Recreation","recreation-17"
"1249","28548","Administrative Services","administrative-services-33"
"1250","28548","City Clerk","city-clerk-63"
"1251","28548","City Manager","city-manager-79"
"1252","28548","Parks & Recreation","parks-recreation-10"
"1253","28548","Planning","planning-10"
"1254","28548","Police","police-90"
"1255","28548","Public Works & Engineering Services","public-works-engineering-services"
"1256","28549","Cable Access TV","cable-access-tv"
"1257","28549","City Clerk","city-clerk-64"
"1258","28549","City Manager","city-manager-80"
"1259","28549","Community Development","community-development-74"
"1260","28549","Finance","finance-78"
"1261","28549","Fire","fire-59"
"1262","28549","General Government","general-government-7"
"1263","28549","Human Resources","human-resources-55"
"1264","28549","Police","police-91"
"1265","28549","Public Works","public-works-112"
"1266","28549","Recreation","recreation-18"
"1267","28529","Administrative Services","administrative-services-34"
"1268","28529","City Manager","city-manager-81"
"1269","28529","Community Development & Public Works","community-development-public-works"
"1270","28529","Finance","finance-79"
"1271","28529","Human Resources","human-resources-56"
"1272","28529","Police","police-92"
"1273","28574","Capital Improvement","capital-improvement"
"1274","28574","City Attorney","city-attorney-40"
"1275","28574","City Clerk","city-clerk-65"
"1276","28574","City Council","city-council"
"1277","28574","City Manager","city-manager-82"
"1278","28574","Community Services","community-services-5"
"1279","28574","Employment & Training","employment-training"
"1280","28574","Finance","finance-80"
"1281","28574","Fire","fire-60"
"1282","28574","Housing","housing-4"
"1283","28574","Human Resources","human-resources-57"
"1284","28574","Information Technology","information-technology-36"
"1285","28574","Infrastructure Maintenance & Operations","infrastructure-maintenance-operations"
"1286","28574","Library & Cultural Services","library-cultural-services"
"1287","28574","Mayor's Office","mayors-office"
"1288","28574","Office of Neighborhood Safety","office-of-neighborhood-safety"
"1289","28574","Planning & Building Services","planning-building-services"
"1290","28574","Police","police-93"
"1291","28574","Port","port"
"1292","28574","Rent Control","rent-control"
"1293","28574","Richmond Housing Authority","richmond-housing-authority"
"1294","28574","Transportation","transportation-3"
"1295","28574","Water Resource Recovery","water-resource-recovery"
"1296","28576","City Attorney","city-attorney-41"
"1297","28576","City Clerk","city-clerk-66"
"1298","28576","City Manager","city-manager-83"
"1299","28576","Community Services","community-services-6"
"1300","28576","Development Services","development-services-16"
"1301","28576","Financial Services","financial-services"
"1302","28576","Information Technology","information-technology-37"
"1303","28576","Police","police-94"
"1304","28576","Public Works","public-works-113"
"1305","28562","Administrative Services - Finance","administrative-services-finance"
"1306","28562","Administrative Services - Human Resources","administrative-services-human-resources"
"1307","28562","Administrative Services - Information Technology","administrative-services-information-technology"
"1308","28562","City Attorney","city-attorney-42"
"1309","28562","City Clerk","city-clerk-67"
"1310","28562","City Manager","city-manager-84"
"1311","28562","Community Development - Building","community-development-building"
"1312","28562","Community Development - Planning","community-development-planning"
"1313","28562","Parks & Community Services","parks-community-services-1"
"1314","28562","Police","police-95"
"1315","28562","Public Works - Engineering","public-works-engineering-2"
"1316","28562","Public Works - Public Services","public-works-public-services"
"1317","28562","Public Works - Transportation","public-works-transportation"
"1318","28567","Administrative Services","administrative-services-35"
"1319","28567","Arts, Recreation and Community Services","arts-recreation-and-community-services"
"1320","28567","Community and Economic Development","community-and-economic-development-1"
"1321","28567","General Government","general-government-8"
"1322","28567","Human Resources","human-resources-58"
"1323","28567","Police","police-96"
"1324","28567","Public Works","public-works-114"
"1325","28864","Administrative Services","administrative-services-36"
"1326","28864","City Manager","city-manager-85"
"1327","28864","Community Development and Sustainability","community-development-and-sustainability"
"1328","28864","Fire","fire-61"
"1329","28864","Parks and Community Services","parks-and-community-services-2"
"1330","28864","Police","police-97"
"1331","28864","Public Works-Engineering and Transportation ","public-works-engineering-and-transportation"
"1332","28864","Public Works-Operations and Utilities","public-works-operations-and-utilities"
"1333","28855","Administrative Services","administrative-services-37"
"1334","28855","Capital Projects and Transportation","capital-projects-and-transportation"
"1335","28855","City Manager's Office","city-managers-office-5"
"1336","28855","Community Development","community-development-75"
"1337","28855","Economic Development","economic-development-16"
"1338","28855","Fire","fire-62"
"1339","28855","Parks and Recreation","parks-and-recreation-13"
"1340","28855","Police","police-98"
"1341","28855","Public Works","public-works-115"
"1342","28931","Community Development","community-development-76"
"1343","28931","Finance","finance-81"
"1344","28931","Fire","fire-63"
"1345","28931","General Government","general-government-9"
"1346","28931","Police","police-99"
"1347","28931","Public Works","public-works-116"
"1348","28931","Recreation","recreation-19"
"1349","28932","Administrative Services","administrative-services-38"
"1350","28932","Community Development","community-development-77"
"1351","28932","Community Services","community-services-39"
"1352","28932","Public Works","public-works-117"
"1353","28932","Fire","fire-64"
"1354","28932","Library","library-29"
"1355","28932","Police","police-100"
"1356","28874","City Attorney","city-attorney-43"
"1357","28874","City Clerk","city-clerk-68"
"1358","28874","City Manager","city-manager-86"
"1359","28874","Community Development","community-development-78"
"1360","28874","Environmental & Water Resources","environmental-water-resources"
"1361","28874","Fire","fire-65"
"1362","28874","Human Resources","human-resources-59"
"1363","28874","Library","library-30"
"1364","28874","Management & Budget","management-budget"
"1365","28874","Parks & Recreation","parks-recreation-11"
"1366","28874","Police","police-101"
"1367","28874","Public Works","public-works-118"
"1368","28874","Solid Waste","solid-waste"
"1369","28859","Administrative Services","administrative-services-39"
"1370","28859","City Manager","city-manager-87"
"1371","28859","Community Development","community-development-79"
"1372","28859","General Services","general-services-1"
"1373","28859","Police","police-102"
"1374","28876","Administration","administration-18"
"1375","28876","Community Development","community-development-80"
"1376","28876","Finance","finance-82"
"1377","28876","Human Resources","human-resources-60"
"1378","28876","Parks & Recreation","parks-recreation-12"
"1379","28876","Police","police-103"
"1380","28876","Public Works","public-works-119"
"1381","28885","Administration","administration-19"
"1382","28885","Building","building-2"
"1383","28885","Finance","finance-83"
"1384","28885","Fire","fire-66"
"1385","28885","Parks & Recreation","parks-recreation-13"
"1386","28885","Planning","planning-11"
"1387","28885","Public Works","public-works-120"
"1388","28910","Administrative Support","administrative-support"
"1389","28910","City Attorney","city-attorney-44"
"1390","28910","City Clerk","city-clerk-69"
"1391","28910","City Manager","city-manager-88"
"1392","28910","Communication, Legislative Affairs, & Community Engagement","communication-legislative-affairs-community-engagement"
"1393","28910","Community Development","community-development-81"
"1394","28910","Facilities Management","facilities-management"
"1395","28910","Finance","finance-84"
"1396","28910","Human Resources","human-resources-61"
"1397","28910","Information Technology","information-technology-38"
"1398","28910","Neighborhood Services","neighborhood-services"
"1399","28910","Public Works","public-works-121"
"1400","28868","City Attorney","city-attorney-45"
"1401","28868","City Clerk","city-clerk-70"
"1402","28868","City Council","city-council-10"
"1403","28868","City Manager","city-manager-89"
"1404","28868","Development Services","development-services-17"
"1405","28868","Finance","finance-85"
"1406","28868","Human Resources","human-resources-62"
"1407","28868","Police","police-104"
"1408","28868","Public Works","public-works-122"
"1409","28509","City Attorney","city-attorney-46"
"1410","28509","City Auditor","city-auditor-6"
"1411","28509","City Clerk","city-clerk-71"
"1412","28509","City Manager","city-manager-90"
"1413","28509","City Treasurer","city-treasurer"
"1414","28509","Citywide and Community Support","citywide-and-community-support"
"1415","28509","Community Development","community-development-82"
"1416","28509","Convention and Cultural Services","convention-and-cultural-services"
"1417","28509","Finance","finance-86"
"1418","28509","Fire","fire-67"
"1419","28509","Human Resources","human-resources-63"
"1420","28509","Information Technology","information-technology-39"
"1421","28509","Mayor/Council","mayor-council-1"
"1422","28509","Police","police-105"
"1423","28509","Public Works","public-works-123"
"1424","28509","Utilities","utilities-5"
"1425","28509","Youth, Parks, and Community Enrichment","youth-parks-and-community-enrichment"
"1426","28926","Administrative Services","administrative-services-40"
"1427","28926","City Attorney's Office","city-attorneys-office-1"
"1428","28926","City Manager's Office","city-managers-office-6"
"1429","28926","Community Development","community-development-83"
"1430","28926","Community Services","community-services-40"
"1431","28926","Finance","finance-87"
"1432","28926","Fire","fire-68"
"1433","28926","Housing Services","housing-services"
"1434","28926","Human Resources","human-resources-64"
"1435","28926","Information Technology ","information-technology-40"
"1436","28926","Police","police-106"
"1437","28926","Public Works","public-works-124"
"1438","28926","Utilities","utilities-6"
"1439","28566","City Attorney","city-attorney-47"
"1440","28566","City Clerk","city-clerk-72"
"1441","28566","City Manager","city-manager-91"
"1442","28566","Economic Development","economic-development-17"
"1443","28566","Finance","finance-88"
"1444","28566","Fire","fire-69"
"1445","28566","Human Resources","human-resources-65"
"1446","28566","Information Technology ","information-technology-41"
"1447","28566","Mayor and Council","mayor-and-council"
"1448","28566","Planning & Development Services","planning-development-services"
"1449","28566","Police","police-107"
"1450","28566","Public Works","public-works-125"
"1451","28566","Water","water-1"
"1452","28520","City Attorney","city-attorney-48"
"1453","28520","City Manager","city-manager-92"
"1454","28520","Community Development","community-development-84"
"1455","28520","Finance","finance-89"
"1456","28520","Fire","fire-70"
"1457","28520","Library","library-31"
"1458","28520","Parks & Community Services","parks-community-services-2"
"1459","28520","Police","police-108"
"1460","28520","Public Works","public-works-126"
"1461","28866","Administrative Services","administrative-services-41"
"1462","28866","City Clerk","city-clerk-73"
"1463","28866","City Manager","city-manager-93"
"1464","28866","Community Development","community-development-85"
"1465","28866","Engineering","engineering-9"
"1466","28866","Fire","fire-71"
"1467","28866","Human Resources","human-resources-66"
"1468","28866","Police","police-109"
"1469","28866","Public Works","public-works-127"
"1470","28866","Recreation ","recreation-20"
"1471","28866","Transit","transit-1"
"1472","28866","Wastewater ","wastewater"
"1473","28866","Water","water-2"
"1474","28533","City Manager","city-manager-94"
"1475","28533","Community Development","community-development-86"
"1476","28533","Finance","finance-90"
"1477","28533","Fire","fire-72"
"1478","28533","Human Resources","human-resources-67"
"1479","28533","Parks & Recreation","parks-recreation-14"
"1480","28533","Police","police-110"
"1481","28533","Public Works","public-works-128"
"1482","28555","City Clerk","city-clerk-74"
"1483","28555","City Manager","city-manager-95"
"1484","28555","Community Development","community-development-87"
"1485","28555","Finance","finance-91"
"1486","28555","Fire","fire-73"
"1487","28555","Police","police-111"
"1488","28555","Public Works","public-works-129"
"1489","28563","Administrative Services","administrative-services-42"
"1490","28563","City Clerk","city-clerk-75"
"1491","28563","City Manager","city-manager-96"
"1492","28563","Development Services","development-services-18"
"1493","28563","Fire","fire-74"
"1494","28563","Police","police-112"
"1495","28563","Public Works","public-works-130"
"1496","28563","Recreation, Parks and Marina","recreation-parks-and-marina"
"1497","28514","City Clerk","city-clerk-76"
"1498","28514","City Manager","city-manager-97"
"1499","28514","Community Development","community-development-88"
"1500","28514","Finance","finance-92"
"1501","28514","Non-Departmental","non-departmental"
"1502","28514","Parks and Recreation","parks-and-recreation-14"
"1503","28514","Police","police-113"
"1504","28514","Public Works","public-works-131"
"1505","28514","Wastewater","wastewater-1"
"1506","28514","Water","water-3"
"1507","28525","City Clerk","city-clerk-77"
"1508","28525","City Manager","city-manager-98"
"1509","28525","Financial Services","financial-services-2"
"1510","28525","Fire Services","fire-services-3"
"1511","28525","Planning and Building Services","planning-and-building-services-1"
"1512","28525","Police Services","police-services-5"
"1513","28525","Public Works ","public-works-132"
"1514","28525","Recreation Services","recreation-services-2"
"1515","28544","City Attorney","city-attorney-49"
"1516","28544","City Clerk","city-clerk-78"
"1517","28544","City Manager","city-manager-99"
"1518","28544","Community Development","community-development-89"
"1519","28544","Finance","finance-93"
"1520","28544","Fire","fire-75"
"1521","28544","Human Resources","human-resources-68"
"1522","28544","Information Technology","information-technology-42"
"1523","28544","Parks and Recreation","parks-and-recreation-15"
"1524","28544","Police","police-114"
"1525","28544","Public Works","public-works-133"
"1526","28544","Utilities","utilities-7"
"1527","29882","City Clerk","city-clerk-79"
"1528","29882","City Manager","city-manager-100"
"1529","29882","Finance","finance-94"
"1530","29882","Fire","fire-76"
"1531","29882","Human Resources and Information Technology","human-resources-and-information-technology"
"1532","29882","Library","library-32"
"1533","29882","Parks and Recreation","parks-and-recreation-16"
"1534","29882","Planning and Community Improvement","planning-and-community-improvement"
"1535","29882","Police","police-115"
"1536","29882","Public Works","public-works-134"
"1537","28568","Finance","finance-95"
"1538","28568","Parks and Recreation","parks-and-recreation-17"
"1539","28568","Planning and Building","planning-and-building-4"
"1540","28568","Public Works","public-works-135"
"1541","28568","Town Clerk","town-clerk"
"1542","28568","Town Manager","town-manager-3"
"1543","28501","Multi-Departmental","multi-departmental-3"
"1544","29872","Finance & Administration","finance-administration"
